time,tavg,tmin,tmax,prcp,wspd
2017-04-01,17.4,9.7,25.3,0.0,7.5
2017-04-02,16.8,10.3,24.7,0.0,10.2
2017-04-03,15.4,9.7,21.9,0.0,11.8
2017-04-04,15.2,7.5,23.0,0.0,8.7
2017-04-05,17.4,11.9,24.1,0.0,8.4
2017-04-06,15.4,11.4,19.1,9.7,19.4
2017-04-07,14.5,10.8,18.0,11.7,18.8
2017-04-08,10.6,8.0,14.1,3.8,12.7
2017-04-09,11.0,4.7,17.5,0.0,9.4
2017-04-10,13.1,6.4,19.7,0.0,10.4
2017-04-11,15.4,12.5,19.7,0.0,18.1
2017-04-12,16.0,14.1,19.1,1.0,19.2
2017-04-13,13.2,10.3,16.4,1.0,16.6
2017-04-14,11.9,6.9,16.9,0.0,16.0
2017-04-15,13.7,6.4,20.8,0.0,6.2
2017-04-16,13.5,11.4,15.8,0.5,13.9
2017-04-17,15.2,13.6,18.6,3.0,7.9
2017-04-18,15.0,12.5,19.7,0.3,8.9
2017-04-19,14.9,7.5,21.4,0.0,9.9
2017-04-20,15.5,11.9,20.3,2.8,13.7
2017-04-21,17.0,9.7,24.1,0.0,9.4
2017-04-22,15.4,9.7,19.7,0.0,11.3
2017-04-23,14.6,11.4,19.1,0.0,17.6
2017-04-24,13.8,11.4,16.4,0.0,11.9
2017-04-25,14.7,10.8,19.1,0.0,17.5
2017-04-26,16.2,14.1,19.7,0.0,12.1
2017-04-27,15.5,11.9,20.3,0.0,16.8
2017-04-28,15.6,9.7,23.0,0.0,13.5
2017-04-29,18.5,11.4,25.3,0.0,13.2
2017-04-30,17.9,11.4,25.3,0.0,10.0
2017-05-01,20.8,13.6,30.3,0.0,11.4
2017-05-02,22.9,16.4,30.8,0.0,11.3
2017-05-03,23.8,16.9,31.9,0.0,7.1
2017-05-04,19.3,14.1,25.3,0.0,12.6
2017-05-05,15.7,11.9,20.8,0.0,15.9
2017-05-06,13.5,10.3,17.5,0.0,15.4
2017-05-07,16.7,10.3,23.6,0.0,10.1
2017-05-08,17.1,10.8,24.7,0.0,12.9
2017-05-09,18.5,10.8,28.0,0.0,11.2
2017-05-10,16.4,12.5,21.9,0.0,19.1
2017-05-11,16.1,12.5,21.4,0.0,13.5
2017-05-12,14.1,11.4,18.6,0.0,22.8
2017-05-13,13.5,10.3,18.6,0.0,18.7
2017-05-14,13.9,10.3,19.1,0.0,11.4
2017-05-15,13.8,9.1,20.8,0.0,15.2
2017-05-16,13.8,10.3,18.0,0.0,11.5
2017-05-17,15.5,11.4,21.4,0.0,17.1
2017-05-18,17.5,8.6,26.4,0.0,10.0
2017-05-19,21.2,13.0,30.3,0.0,9.0
2017-05-20,22.2,14.1,30.8,0.0,9.5
2017-05-21,22.2,15.8,30.8,0.0,9.0
2017-05-22,19.6,13.6,28.0,0.0,10.3
2017-05-23,18.7,14.7,25.3,0.0,11.9
2017-05-24,17.2,14.1,23.0,0.0,10.8
2017-05-25,15.9,13.0,19.7,0.0,24.0
2017-05-26,15.9,13.6,20.3,0.0,15.1
2017-05-27,16.1,12.5,20.8,0.0,12.4
2017-05-28,15.5,13.6,20.3,0.0,15.0
2017-05-29,14.9,12.5,19.1,0.0,14.3
2017-05-30,15.2,11.9,20.3,0.0,14.0
2017-05-31,17.7,13.6,23.7,0.0,12.3
2017-06-01,18.3,15.3,23.6,0.0,14.0
2017-06-02,18.5,11.9,26.4,0.0,11.1
2017-06-03,17.4,12.5,23.6,0.0,11.7
2017-06-04,17.6,12.5,23.6,0.0,11.3
2017-06-05,18.0,10.8,26.4,0.0,10.2
2017-06-06,16.7,12.5,21.9,0.0,11.9
2017-06-07,17.0,12.5,23.0,0.0,10.0
2017-06-08,17.9,15.3,21.4,0.3,13.1
2017-06-09,17.0,13.6,20.3,0.3,16.9
2017-06-10,16.1,10.8,20.8,0.0,19.1
2017-06-11,14.9,11.4,19.1,0.0,20.5
2017-06-12,15.5,11.9,20.8,0.0,12.9
2017-06-13,17.3,10.8,24.7,0.0,12.2
2017-06-14,19.0,12.5,28.0,0.0,13.0
2017-06-15,19.3,12.5,26.4,0.0,14.8
2017-06-16,22.6,16.9,30.3,0.0,12.5
2017-06-17,23.4,16.4,30.8,0.0,11.6
2017-06-18,28.9,21.4,38.6,0.0,7.7
2017-06-19,26.2,20.3,33.6,0.0,12.0
2017-06-20,22.5,16.9,30.3,0.0,12.7
2017-06-21,22.4,14.7,32.5,0.0,9.9
2017-06-22,25.9,19.7,34.7,0.0,9.3
2017-06-23,21.4,16.9,27.5,0.0,12.4
2017-06-24,19.3,16.4,24.7,0.0,10.9
2017-06-25,18.4,15.8,22.5,0.0,13.3
2017-06-26,19.1,15.8,24.1,0.0,15.1
2017-06-27,18.2,15.8,22.5,0.0,15.4
2017-06-28,18.4,15.3,23.6,0.0,11.2
2017-06-29,17.6,14.1,23.6,0.0,11.6
2017-06-30,17.6,14.1,22.5,0.0,11.1
2017-07-01,17.3,12.5,23.0,0.0,10.6
2017-07-02,18.4,13.0,26.4,0.0,14.5
2017-07-03,19.4,13.0,27.5,0.0,12.4
2017-07-04,18.8,14.1,25.3,0.0,11.2
2017-07-05,18.7,14.7,23.6,0.0,11.9
2017-07-06,21.1,14.7,29.7,0.0,11.9
2017-07-07,24.2,16.4,33.6,0.0,11.9
2017-07-08,25.3,19.1,35.8,0.0,9.7
2017-07-09,20.8,14.7,28.6,0.0,11.4
2017-07-10,20.5,14.7,28.0,0.0,10.2
2017-07-11,20.6,14.7,28.0,0.0,11.3
2017-07-12,19.9,14.1,25.8,0.0,11.7
2017-07-13,20.1,13.6,26.9,0.0,12.6
2017-07-14,20.7,14.7,28.6,0.0,11.0
2017-07-15,23.1,14.7,33.6,0.0,8.7
2017-07-16,25.9,19.1,35.3,0.0,10.1
2017-07-17,22.6,17.5,28.6,0.0,11.7
2017-07-18,18.2,14.1,23.0,0.0,14.3
2017-07-19,19.0,13.6,25.8,0.0,11.0
2017-07-20,19.5,14.7,24.7,0.0,10.5
2017-07-21,19.2,14.1,26.4,0.0,10.2
2017-07-22,22.7,14.1,33.0,0.0,7.8
2017-07-23,22.7,17.5,29.7,0.0,8.7
2017-07-24,21.0,14.1,29.7,0.0,13.0
2017-07-25,20.0,15.3,26.4,0.0,15.2
2017-07-26,20.4,16.9,26.9,0.0,11.2
2017-07-27,21.8,15.8,31.4,0.0,9.2
2017-07-28,20.2,15.8,25.8,0.0,10.8
2017-07-29,19.5,14.7,26.4,0.0,9.5
2017-07-30,19.7,13.6,26.4,0.0,11.4
2017-07-31,20.5,15.3,27.5,0.0,9.9
2017-08-01,22.1,15.3,31.4,0.0,9.2
2017-08-02,24.2,18.0,33.0,0.0,10.1
2017-08-03,24.6,20.8,30.3,0.0,7.4
2017-08-04,24.0,20.8,27.5,0.0,7.9
2017-08-05,21.3,16.9,25.8,0.0,12.0
2017-08-06,20.0,16.9,24.7,0.0,13.2
2017-08-07,19.4,16.9,24.1,0.0,12.6
2017-08-08,19.7,16.9,24.7,0.0,11.0
2017-08-09,18.8,16.4,22.5,0.0,12.6
2017-08-10,18.8,16.4,24.1,0.0,12.8
2017-08-11,19.4,16.4,26.4,0.0,10.9
2017-08-12,18.5,15.8,23.0,0.0,11.3
2017-08-13,19.4,14.1,26.4,0.0,11.2
2017-08-14,18.9,16.9,23.0,0.0,13.0
2017-08-15,18.8,15.3,24.1,0.0,13.6
2017-08-16,19.6,15.3,26.4,0.0,11.4
2017-08-17,20.3,15.8,26.4,0.0,11.1
2017-08-18,20.6,16.4,26.9,0.0,9.9
2017-08-19,19.8,15.3,25.8,0.0,10.5
2017-08-20,20.4,16.4,26.4,0.0,15.9
2017-08-21,20.7,18.0,26.9,0.0,11.8
2017-08-22,21.0,17.5,26.4,0.0,10.1
2017-08-23,19.6,16.4,25.3,0.0,9.6
2017-08-24,19.6,15.8,24.7,0.0,9.5
2017-08-25,19.8,14.1,27.5,0.0,9.0
2017-08-26,23.4,15.8,34.1,0.0,8.0
2017-08-27,25.4,18.0,35.3,0.0,8.1
2017-08-28,23.1,17.5,31.9,0.0,10.3
2017-08-29,19.6,16.9,24.7,0.0,12.5
2017-08-30,19.3,14.1,25.8,0.0,11.5
2017-08-31,23.5,14.1,34.7,0.0,6.1
2017-09-01,30.1,21.4,41.4,0.0,6.7
2017-09-02,31.9,23.6,41.4,0.0,6.8
2017-09-03,29.9,25.8,34.7,0.0,11.5
2017-09-04,26.2,22.5,30.3,0.0,13.3
2017-09-05,25.3,20.8,30.8,0.0,12.7
2017-09-06,22.7,19.1,26.9,0.0,9.8
2017-09-07,21.5,19.1,25.8,0.0,14.5
2017-09-08,19.9,16.9,24.7,0.0,10.4
2017-09-09,22.0,18.0,29.1,0.0,8.6
2017-09-10,25.4,18.0,34.1,0.0,8.2
2017-09-11,26.3,20.8,34.7,1.5,9.5
2017-09-12,24.3,19.7,32.5,0.0,9.1
2017-09-13,21.7,19.1,26.4,0.0,11.0
2017-09-14,20.6,16.9,24.7,0.0,15.3
2017-09-15,18.3,13.6,24.7,0.0,9.1
2017-09-16,19.0,14.1,25.8,0.0,10.4
2017-09-17,18.8,13.6,26.4,0.0,9.0
2017-09-18,19.7,15.8,25.8,0.0,13.1
2017-09-19,18.7,14.7,24.1,0.0,16.5
2017-09-20,18.3,14.1,23.6,0.0,10.0
2017-09-21,16.9,13.6,21.4,0.0,16.5
2017-09-22,15.8,9.7,22.5,0.0,11.4
2017-09-23,18.1,10.3,26.4,0.0,9.0
2017-09-24,19.2,10.8,28.0,0.0,9.6
2017-09-25,20.9,13.0,29.7,0.0,8.3
2017-09-26,22.9,14.7,31.9,0.0,9.4
2017-09-27,24.1,16.4,33.0,0.0,7.9
2017-09-28,22.1,15.8,30.8,0.0,9.2
2017-09-29,17.9,14.1,23.0,0.0,8.1
2017-09-30,19.4,14.7,25.8,0.0,9.4
2017-10-01,18.5,13.0,25.8,0.0,10.7
2017-10-02,17.9,11.9,25.8,0.0,12.3
2017-10-03,16.0,9.7,23.0,0.0,8.3
2017-10-04,17.5,10.3,25.8,0.0,12.3
2017-10-05,18.4,10.3,28.0,0.0,9.4
2017-10-06,19.6,10.8,30.8,0.0,6.3
2017-10-07,18.8,11.4,28.6,0.0,10.2
2017-10-08,19.1,11.4,29.1,0.0,7.4
2017-10-09,20.4,13.6,28.6,0.0,8.5
2017-10-10,18.3,11.4,25.8,0.0,10.1
2017-10-11,15.1,10.8,20.3,0.0,12.1
2017-10-12,15.2,8.6,23.0,0.0,7.7
2017-10-13,15.4,8.0,24.7,0.0,8.2
2017-10-14,17.8,9.7,26.4,0.0,7.8
2017-10-15,18.6,8.6,29.1,0.0,5.0
2017-10-16,19.5,10.8,29.1,0.0,4.4
2017-10-17,18.7,13.0,25.8,0.0,4.7
2017-10-18,14.8,10.8,22.5,0.0,7.4
2017-10-19,16.0,11.9,20.8,3.0,8.5
2017-10-20,14.6,11.9,18.6,0.8,15.2
2017-10-21,14.6,8.6,20.8,0.0,11.5
2017-10-22,16.2,10.3,23.0,0.0,6.8
2017-10-23,21.4,12.5,30.8,0.0,9.6
2017-10-24,23.2,14.7,33.6,0.0,2.5
2017-10-25,22.1,14.7,31.9,0.0,4.8
2017-10-26,22.2,13.6,31.4,0.0,4.9
2017-10-27,21.1,14.7,29.7,0.0,5.2
2017-10-28,16.8,13.0,25.3,0.0,7.6
2017-10-29,15.1,13.6,18.6,0.0,4.4
2017-10-30,14.7,12.5,19.1,0.0,12.8
2017-10-31,16.0,13.6,20.8,0.0,8.6
2017-11-01,14.9,9.7,21.4,0.0,8.1
2017-11-02,15.0,9.7,20.3,0.0,7.0
2017-11-03,15.9,14.1,19.1,0.0,14.2
2017-11-04,14.1,10.3,15.3,5.1,12.2
2017-11-05,11.0,6.9,15.8,0.0,7.4
2017-11-06,12.8,8.0,18.0,0.0,9.1
2017-11-07,12.5,5.3,20.8,0.0,5.3
2017-11-08,15.7,10.8,19.1,0.0,13.6
2017-11-09,16.3,13.6,19.7,0.3,11.0
2017-11-10,14.5,10.8,20.3,3.3,8.8
2017-11-11,14.2,10.3,19.1,0.0,5.5
2017-11-12,13.7,8.6,20.3,0.0,7.0
2017-11-13,15.7,10.8,21.9,2.0,11.2
2017-11-14,15.1,11.9,19.1,0.0,7.4
2017-11-15,15.1,10.8,21.4,0.0,8.4
2017-11-16,14.7,13.0,17.5,27.4,10.6
2017-11-17,13.0,10.3,16.9,0.3,10.0
2017-11-18,10.7,4.7,18.0,0.0,5.8
2017-11-19,11.7,5.8,18.0,0.0,3.8
2017-11-20,16.6,13.0,20.8,0.0,6.1
2017-11-21,16.5,11.9,23.6,0.0,4.2
2017-11-22,16.5,10.8,23.6,0.0,4.7
2017-11-23,17.4,13.6,22.5,0.0,5.3
2017-11-24,17.5,14.1,23.0,0.0,5.1
2017-11-25,17.9,11.9,26.4,0.0,4.5
2017-11-26,17.6,14.7,19.7,0.5,12.1
2017-11-27,12.4,9.1,15.3,4.8,9.9
2017-11-28,11.2,6.4,16.4,0.0,10.0
2017-11-29,12.4,6.9,19.1,0.0,7.4
2017-11-30,11.5,5.8,18.6,0.0,5.1
2017-12-01,10.7,5.3,16.4,0.0,4.6
2017-12-02,11.2,6.9,16.4,0.0,2.5
2017-12-03,11.5,8.0,14.7,0.5,13.0
2017-12-04,12.3,7.5,17.5,0.0,19.3
2017-12-05,12.7,8.0,19.1,0.0,8.0
2017-12-06,9.9,3.6,17.5,0.0,5.0
2017-12-07,10.5,3.6,19.7,0.0,4.4
2017-12-08,10.6,4.7,19.1,0.0,4.5
2017-12-09,10.4,4.1,19.1,0.0,3.0
2017-12-10,10.6,2.5,20.8,0.0,3.9
2017-12-11,11.1,4.1,19.7,0.0,3.8
2017-12-12,10.4,3.6,18.6,0.0,3.1
2017-12-13,9.3,2.5,17.5,0.0,4.4
2017-12-14,11.0,4.1,20.3,0.0,3.3
2017-12-15,10.2,3.6,16.4,0.0,5.4
2017-12-16,12.0,6.3,16.8,0.0,16.2
2017-12-17,13.6,9.1,19.1,0.0,12.8
2017-12-18,10.5,5.3,17.5,0.0,3.4
2017-12-19,10.3,3.6,18.0,0.0,6.4
2017-12-20,10.0,6.4,13.0,1.8,11.9
2017-12-21,8.0,2.5,14.1,0.0,9.1
2017-12-22,7.4,1.4,14.1,0.0,4.6
2017-12-23,8.7,4.1,13.0,0.0,2.6
2017-12-24,9.8,7.5,11.9,0.0,2.8
2017-12-25,10.3,5.3,15.3,0.0,2.9
2017-12-26,10.3,5.3,16.9,0.0,5.3
2017-12-27,9.3,3.6,16.4,0.0,4.4
2017-12-28,10.1,4.1,18.6,0.0,2.6
2017-12-29,10.1,3.6,18.6,0.0,2.8
2017-12-30,9.4,4.1,16.9,0.0,2.9
2017-12-31,9.4,5.2,14.6,0.0,1.8
2018-01-01,11.6,6.4,16.9,0.0,2.1
2018-01-02,12.1,8.6,15.8,0.0,2.8
2018-01-03,11.9,8.0,15.3,8.9,5.8
2018-01-04,15.8,11.9,20.3,0.0,14.5
2018-01-05,15.2,11.9,18.6,1.0,10.8
2018-01-06,12.5,9.7,15.8,1.0,7.2
2018-01-07,10.2,8.0,13.0,0.0,3.0
2018-01-08,13.4,10.8,15.8,31.7,9.0
2018-01-09,13.2,10.8,15.3,10.9,14.5
2018-01-10,11.2,7.5,13.0,0.0,7.7
2018-01-11,13.7,11.9,17.5,0.0,4.2
2018-01-12,12.3,9.7,15.3,0.0,7.8
2018-01-13,10.9,5.8,18.0,0.0,3.5
2018-01-14,10.4,7.5,14.7,0.0,3.6
2018-01-15,12.5,8.0,19.1,0.0,5.3
2018-01-16,14.3,11.9,18.6,0.0,6.2
2018-01-17,14.5,11.9,18.0,0.0,5.0
2018-01-18,13.2,10.3,19.7,1.8,12.4
2018-01-19,10.9,8.0,14.1,0.0,10.6
2018-01-20,8.9,4.1,14.1,0.0,7.6
2018-01-21,9.4,3.0,14.7,0.0,7.2
2018-01-22,11.5,9.7,14.7,1.3,14.0
2018-01-23,11.0,7.5,16.4,0.0,3.6
2018-01-24,10.2,5.8,16.4,5.6,11.6
2018-01-25,9.4,6.4,13.6,1.0,8.8
2018-01-26,9.4,6.4,14.1,0.3,7.1
2018-01-27,10.1,4.1,16.9,0.0,6.9
2018-01-28,12.2,5.8,19.7,0.0,4.7
2018-01-29,11.8,6.9,16.9,0.0,4.9
2018-01-30,13.0,7.5,20.3,0.0,4.0
2018-01-31,12.1,5.2,18.5,0.0,3.6
2018-02-01,14.8,9.1,23.0,0.0,5.8
2018-02-02,16.1,9.1,24.1,0.0,7.5
2018-02-03,17.3,10.3,25.3,0.0,6.9
2018-02-04,16.2,9.1,23.6,0.0,5.7
2018-02-05,16.0,9.7,25.3,0.0,5.9
2018-02-06,17.6,9.1,24.7,0.0,8.8
2018-02-07,15.9,9.7,23.6,0.0,4.3
2018-02-08,15.9,9.1,24.1,0.0,5.6
2018-02-09,16.6,9.7,25.8,0.0,5.9
2018-02-10,14.7,9.7,21.4,0.0,10.2
2018-02-11,11.5,4.7,16.4,0.0,12.3
2018-02-12,10.9,6.9,15.3,0.0,9.8
2018-02-13,11.2,4.7,18.6,0.0,4.4
2018-02-14,11.0,6.4,18.0,0.0,8.3
2018-02-15,11.7,5.8,17.5,0.0,11.7
2018-02-16,11.4,4.7,19.7,0.0,5.0
2018-02-17,12.6,6.4,20.8,0.0,5.0
2018-02-18,10.7,7.5,14.7,0.0,13.0
2018-02-19,7.9,5.3,11.9,0.0,18.0
2018-02-20,7.0,1.4,13.6,0.0,7.5
2018-02-21,8.1,3.0,14.1,0.0,9.1
2018-02-22,8.2,4.7,13.0,0.5,17.0
2018-02-23,7.5,3.0,12.5,0.0,12.3
2018-02-24,7.4,-0.4,13.5,0.0,10.8
2018-02-25,9.4,3.0,16.4,0.0,9.0
2018-02-26,8.3,5.7,11.8,9.1,13.0
2018-02-27,9.0,5.3,14.1,0.0,10.8
2018-02-28,9.1,3.0,14.7,0.0,10.3
2018-03-01,11.6,9.7,14.7,10.9,20.2
2018-03-02,9.0,7.5,12.5,5.6,11.3
2018-03-03,7.8,4.1,12.5,2.3,10.7
2018-03-04,8.2,2.5,14.1,0.0,9.1
2018-03-05,9.8,1.9,17.5,0.0,6.1
2018-03-06,12.5,4.7,21.4,0.0,6.6
2018-03-07,15.5,10.3,22.5,0.0,12.3
2018-03-08,15.9,13.0,20.3,1.5,13.5
2018-03-09,13.8,10.3,18.6,0.0,9.1
2018-03-10,13.3,11.4,15.3,0.0,4.4
2018-03-11,0.0,9.0,21.3,0.0,4.3
2018-03-12,16.6,11.9,24.1,6.4,14.0
2018-03-13,15.0,11.4,16.4,6.9,13.5
2018-03-14,10.6,9.1,12.5,4.3,11.0
2018-03-15,9.7,4.7,14.1,1.3,13.6
2018-03-16,10.6,8.0,12.5,3.0,10.9
2018-03-17,9.3,6.4,13.6,1.8,6.5
2018-03-18,9.4,3.6,14.7,0.0,7.2
2018-03-19,11.8,4.1,19.1,0.0,6.9
2018-03-20,12.9,11.4,14.1,2.3,16.4
2018-03-21,16.0,13.0,19.1,0.0,21.8
2018-03-22,13.5,8.0,16.4,9.1,17.7
2018-03-23,10.1,4.1,15.8,0.0,7.8
2018-03-24,10.3,8.0,14.7,2.3,12.0
2018-03-25,9.6,4.1,14.7,1.1,14.2
2018-03-26,11.6,6.4,17.5,0.0,14.9
2018-03-27,14.8,6.4,22.5,0.0,7.9
2018-03-28,17.6,9.7,25.3,0.0,8.6
2018-03-29,19.0,11.9,27.5,0.0,9.1
2018-03-30,19.3,11.9,27.5,0.0,8.0
2018-03-31,16.7,11.4,23.6,0.0,9.0
2018-04-01,15.6,9.1,23.6,0.0,9.0
2018-04-02,14.5,9.7,21.4,0.0,10.8
2018-04-03,14.4,8.0,21.4,0.0,9.3
2018-04-04,14.8,10.8,20.8,0.0,8.9
2018-04-05,15.3,12.5,19.1,1.3,7.2
2018-04-06,16.0,13.6,18.0,6.9,15.6
2018-04-07,16.4,12.5,19.1,9.4,13.3
2018-04-08,14.1,9.7,18.6,0.0,14.6
2018-04-09,17.1,8.0,25.8,0.0,6.9
2018-04-10,16.5,13.0,20.3,0.0,12.1
2018-04-11,12.9,7.5,18.6,2.1,9.8
2018-04-12,11.9,8.0,15.8,0.0,18.6
2018-04-13,13.5,7.5,20.8,0.0,11.0
2018-04-14,16.0,9.1,24.1,0.0,9.7
2018-04-15,14.4,9.7,20.8,0.3,10.5
2018-04-16,10.4,8.0,13.6,2.8,13.2
2018-04-17,11.9,5.8,18.6,0.0,11.0
2018-04-18,11.8,9.1,15.8,0.0,9.8
2018-04-19,13.2,7.5,18.6,0.0,10.9
2018-04-20,15.2,8.6,23.6,0.0,10.8
2018-04-21,16.9,9.1,26.9,0.0,7.3
2018-04-22,18.3,10.3,26.9,0.0,9.8
2018-04-23,18.8,13.0,28.0,0.0,8.4
2018-04-24,15.7,11.9,21.4,0.0,10.0
2018-04-25,15.3,11.9,20.8,0.0,10.1
2018-04-26,14.7,12.5,19.1,0.0,13.0
2018-04-27,14.9,10.8,20.3,0.0,11.8
2018-04-28,13.9,9.1,18.6,0.0,11.5
2018-04-29,13.8,11.4,17.5,0.0,16.0
2018-04-30,13.0,8.0,18.0,0.0,8.5
2018-05-01,14.1,9.1,21.9,0.0,14.6
2018-05-02,15.3,10.3,21.4,0.0,12.8
2018-05-03,14.1,10.8,19.7,0.0,10.8
2018-05-04,16.8,11.4,24.7,0.0,10.6
2018-05-05,15.0,12.5,20.3,0.0,10.4
2018-05-06,14.6,11.4,19.1,0.0,14.4
2018-05-07,16.9,10.3,24.7,0.0,11.0
2018-05-08,17.0,11.4,23.6,0.0,11.4
2018-05-09,17.0,13.6,21.4,0.0,15.7
2018-05-10,16.4,10.3,21.9,0.0,12.2
2018-05-11,18.1,10.8,25.8,0.0,14.2
2018-05-12,18.9,13.0,24.7,0.0,11.0
2018-05-13,16.5,12.5,21.9,0.0,15.7
2018-05-14,15.5,12.5,19.7,0.0,12.7
2018-05-15,15.8,13.0,20.3,0.0,13.8
2018-05-16,15.2,10.8,19.7,0.0,11.0
2018-05-17,15.1,10.3,20.8,0.0,14.4
2018-05-18,15.5,13.0,20.8,0.0,10.4
2018-05-19,14.9,12.5,19.1,0.0,16.8
2018-05-20,14.5,12.5,18.6,0.0,13.4
2018-05-21,15.9,13.0,21.9,0.0,14.9
2018-05-22,15.5,13.0,19.1,0.0,11.6
2018-05-23,15.7,13.6,19.7,0.0,14.8
2018-05-24,14.7,13.0,17.5,0.0,11.6
2018-05-25,15.5,13.0,18.6,0.0,11.7
2018-05-26,15.6,12.5,20.3,0.0,12.6
2018-05-27,19.0,11.4,26.9,0.0,11.0
2018-05-28,22.9,15.3,31.9,0.0,8.9
2018-05-29,20.9,15.3,28.0,0.0,12.3
2018-05-30,15.5,11.9,20.3,0.0,14.9
2018-05-31,14.3,11.9,17.5,0.0,14.4
2018-06-01,17.2,9.7,25.8,0.0,11.4
2018-06-02,23.2,14.7,33.0,0.0,9.0
2018-06-03,22.0,15.8,30.8,0.0,10.9
2018-06-04,18.6,14.1,23.0,0.0,15.4
2018-06-05,16.6,11.9,21.9,0.0,12.5
2018-06-06,15.6,11.4,20.3,0.0,13.1
2018-06-07,16.5,12.5,21.4,0.0,12.7
2018-06-08,18.0,11.4,24.7,0.0,12.6
2018-06-09,17.4,13.6,21.4,0.0,17.5
2018-06-10,16.7,11.9,23.0,0.0,18.0
2018-06-11,19.2,13.0,26.4,0.0,11.0
2018-06-12,21.8,15.8,30.3,0.0,10.2
2018-06-13,20.1,13.6,28.6,0.0,11.4
2018-06-14,19.2,13.6,26.9,0.0,11.7
2018-06-15,17.3,13.0,24.1,0.0,19.3
2018-06-16,16.6,13.0,21.9,0.0,25.3
2018-06-17,17.7,13.0,24.1,0.0,15.1
2018-06-18,18.7,14.7,24.7,0.0,13.2
2018-06-19,17.8,14.1,24.1,0.0,12.2
2018-06-20,16.9,13.6,22.5,0.0,15.0
2018-06-21,17.9,12.5,26.4,0.0,10.7
2018-06-22,21.9,14.1,31.4,0.0,9.0
2018-06-23,25.0,16.4,35.8,0.0,11.4
2018-06-24,21.1,14.7,28.6,0.0,15.6
2018-06-25,20.3,16.4,26.4,0.0,12.0
2018-06-26,19.5,14.7,25.8,0.0,10.6
2018-06-27,17.8,13.0,24.1,0.0,13.5
2018-06-28,18.3,13.6,24.1,0.0,15.5
2018-06-29,20.6,13.6,31.4,0.0,13.2
2018-06-30,23.4,15.8,31.4,0.0,10.3
2018-07-01,20.8,15.3,26.4,0.0,13.0
2018-07-02,19.1,14.7,24.7,0.0,11.8
2018-07-03,18.9,14.1,25.3,0.0,19.1
2018-07-04,19.1,14.1,26.4,0.0,17.6
2018-07-05,19.8,13.6,26.9,0.0,10.5
2018-07-06,23.7,18.6,31.4,0.0,12.9
2018-07-07,22.7,17.5,29.1,0.0,13.0
2018-07-08,21.4,14.1,29.1,0.0,12.4
2018-07-09,22.8,14.7,31.4,0.0,12.6
2018-07-10,22.6,16.9,31.4,0.0,13.1
2018-07-11,21.0,14.7,28.0,0.0,11.3
2018-07-12,20.8,15.3,26.9,0.3,11.9
2018-07-13,22.0,18.6,28.0,0.0,12.4
2018-07-14,20.3,16.9,25.8,0.0,14.3
2018-07-15,19.5,15.8,24.7,0.0,11.8
2018-07-16,20.3,15.8,26.9,0.0,11.0
2018-07-17,20.3,15.8,26.4,0.0,10.5
2018-07-18,21.1,16.4,28.0,0.0,9.7
2018-07-19,21.5,15.8,28.6,0.0,10.5
2018-07-20,22.5,16.4,29.1,0.0,11.5
2018-07-21,22.1,17.5,28.0,0.0,13.1
2018-07-22,21.6,17.5,26.9,0.0,10.8
2018-07-23,21.1,16.9,28.0,0.0,13.7
2018-07-24,21.0,15.8,28.0,0.0,12.4
2018-07-25,22.1,16.9,31.9,0.0,12.9
2018-07-26,20.0,15.8,26.4,0.0,13.5
2018-07-27,20.2,16.4,25.3,0.0,12.1
2018-07-28,20.4,15.8,28.0,0.0,10.3
2018-07-29,20.4,16.4,26.4,0.0,11.7
2018-07-30,21.3,16.9,26.9,0.0,11.5
2018-07-31,20.8,15.8,26.9,0.0,11.9
2018-08-01,20.8,16.4,26.9,0.0,12.0
2018-08-02,21.2,15.8,28.0,0.0,11.3
2018-08-03,23.5,16.4,31.9,0.0,8.6
2018-08-04,25.2,19.1,32.5,0.0,10.7
2018-08-05,23.6,16.9,31.4,0.0,12.0
2018-08-06,25.0,18.0,36.4,0.0,11.1
2018-08-07,20.8,17.5,25.3,0.0,11.3
2018-08-08,17.3,12.9,24.6,0.0,9.3
2018-08-09,19.9,14.6,29.0,0.0,9.8
2018-08-10,21.8,14.7,30.3,0.0,9.6
2018-08-11,22.7,16.9,30.3,0.0,10.6
2018-08-12,21.1,15.3,28.6,0.0,10.3
2018-08-13,18.5,14.7,23.0,0.0,10.5
2018-08-14,17.8,15.3,21.9,0.0,14.8
2018-08-15,18.9,16.4,23.0,0.0,14.5
2018-08-16,19.3,15.8,25.3,0.0,11.9
2018-08-17,20.4,14.7,28.6,0.0,10.3
2018-08-18,21.1,14.7,29.1,0.0,9.5
2018-08-19,18.7,14.1,26.4,0.0,9.8
2018-08-20,17.5,12.5,25.3,0.0,12.2
2018-08-21,17.9,15.3,23.0,0.0,11.8
2018-08-22,19.2,16.9,24.7,0.0,11.3
2018-08-23,18.8,16.4,23.0,0.0,13.1
2018-08-24,18.4,15.8,23.6,0.0,11.2
2018-08-25,18.0,13.6,25.3,0.0,12.6
2018-08-26,17.4,13.0,24.7,0.0,9.6
2018-08-27,18.0,13.6,24.7,0.0,13.8
2018-08-28,18.5,15.8,23.6,0.0,11.5
2018-08-29,19.4,13.6,25.8,0.0,12.2
2018-08-30,19.1,15.3,23.6,0.0,14.0
2018-08-31,18.8,15.3,25.8,0.0,14.1
2018-09-01,17.9,13.6,24.7,0.0,9.4
2018-09-02,19.3,13.6,28.6,0.0,7.5
2018-09-03,21.0,15.8,25.8,0.0,13.4
2018-09-04,19.9,14.1,25.8,0.0,10.9
2018-09-05,18.0,14.1,24.7,0.0,12.5
2018-09-06,18.2,15.3,23.0,0.0,8.8
2018-09-07,18.9,13.0,28.0,0.0,8.8
2018-09-08,20.2,14.1,28.0,0.0,9.3
2018-09-09,18.8,12.5,27.5,0.0,9.8
2018-09-10,18.9,11.9,29.1,0.0,9.8
2018-09-11,18.8,13.0,25.8,0.0,11.3
2018-09-12,17.6,12.5,24.1,0.0,12.5
2018-09-13,17.2,12.5,23.0,0.0,13.5
2018-09-14,17.2,11.4,24.7,0.0,9.6
2018-09-15,16.7,12.5,21.9,0.0,11.6
2018-09-16,16.8,9.7,23.6,0.0,12.6
2018-09-17,16.6,11.9,22.5,0.0,11.6
2018-09-18,15.9,10.8,23.0,0.0,9.9
2018-09-19,17.4,10.3,25.8,0.0,9.8
2018-09-20,21.8,12.5,32.5,0.0,5.8
2018-09-21,20.0,13.6,28.6,0.0,9.5
2018-09-22,18.1,13.6,25.3,0.0,8.3
2018-09-23,18.3,11.9,25.8,0.0,7.9
2018-09-24,18.8,11.4,29.7,0.0,5.6
2018-09-25,17.8,11.4,25.8,0.0,7.2
2018-09-26,18.8,13.6,28.6,0.0,6.4
2018-09-27,17.2,13.6,23.0,0.0,7.8
2018-09-28,16.5,13.6,20.8,0.0,10.1
2018-09-29,18.3,13.6,24.1,0.0,12.7
2018-09-30,18.7,13.6,24.7,0.0,12.6
2018-10-01,19.5,13.6,24.7,0.0,9.5
2018-10-02,21.3,18.0,26.9,0.0,8.8
2018-10-03,20.7,18.0,25.3,0.0,8.9
2018-10-04,18.4,15.8,21.9,0.0,14.1
2018-10-05,17.1,11.9,23.0,0.0,10.2
2018-10-06,17.6,12.5,23.6,0.0,11.0
2018-10-07,20.5,15.3,26.4,0.0,16.8
2018-10-08,21.7,15.8,28.6,0.0,8.4
2018-10-09,18.3,13.6,26.4,0.0,12.8
2018-10-10,16.6,13.0,21.4,0.0,12.6
2018-10-11,16.7,12.5,21.9,0.0,10.7
2018-10-12,18.7,11.9,28.0,0.0,7.4
2018-10-13,17.8,11.9,26.4,0.0,8.2
2018-10-14,16.5,11.4,24.1,0.0,8.9
2018-10-15,17.8,9.7,27.5,0.0,7.2
2018-10-16,17.1,10.3,26.4,0.0,9.0
2018-10-17,15.6,9.7,23.6,0.0,6.0
2018-10-18,15.6,10.3,22.5,0.0,6.0
2018-10-19,17.6,11.4,25.8,0.0,5.5
2018-10-20,16.2,10.8,24.7,0.0,6.7
2018-10-21,14.7,12.5,19.7,0.0,8.8
2018-10-22,14.5,12.5,18.6,0.0,8.9
2018-10-23,14.5,10.8,19.1,0.0,8.6
2018-10-24,15.1,9.1,23.0,0.0,8.5
2018-10-25,17.2,14.1,24.1,0.0,7.0
2018-10-26,17.4,11.4,24.7,0.0,5.0
2018-10-27,17.3,11.9,23.0,0.0,9.6
2018-10-28,16.9,11.4,22.5,0.0,10.0
2018-10-29,15.3,10.3,20.8,0.0,12.8
2018-10-30,14.9,8.0,21.9,0.0,9.7
2018-10-31,16.2,8.0,25.8,0.0,6.8
2018-11-01,19.9,12.5,28.0,0.0,8.2
2018-11-02,18.5,11.9,25.3,0.0,7.2
2018-11-03,18.3,10.8,27.5,0.0,6.8
2018-11-04,15.9,10.8,21.9,0.0,6.1
2018-11-05,15.5,9.7,23.0,0.0,7.6
2018-11-06,16.0,8.6,26.4,0.0,6.4
2018-11-07,15.2,8.0,23.6,0.0,6.4
2018-11-08,16.3,10.3,21.9,0.0,10.8
2018-11-09,12.8,5.3,22.5,0.0,5.3
2018-11-10,10.3,5.3,16.4,0.0,3.3
2018-11-11,12.8,4.7,21.9,0.0,6.4
2018-11-12,12.0,5.3,21.4,0.0,3.5
2018-11-13,11.3,5.8,16.4,0.0,2.7
2018-11-14,11.0,4.1,19.1,0.0,4.7
2018-11-15,10.5,3.6,18.6,0.0,3.2
2018-11-16,11.1,4.7,19.7,0.0,3.4
2018-11-17,10.4,5.3,16.9,0.0,5.3
2018-11-18,10.0,5.3,16.4,0.0,4.5
2018-11-19,11.1,5.3,18.6,0.0,3.4
2018-11-20,11.7,5.3,18.6,0.0,3.6
2018-11-21,15.1,11.4,18.6,7.4,13.2
2018-11-22,14.2,10.8,18.6,3.3,9.1
2018-11-23,14.3,12.5,15.8,6.1,12.2
2018-11-24,14.6,10.3,16.9,0.0,6.8
2018-11-25,12.4,8.0,18.0,0.0,4.2
2018-11-26,12.8,7.5,19.1,0.0,4.6
2018-11-27,13.3,8.6,16.9,1.3,8.1
2018-11-28,14.9,14.1,16.4,3.6,14.1
2018-11-29,13.2,12.5,14.7,6.4,12.9
2018-11-30,12.4,9.1,15.3,0.0,17.9
2018-12-01,10.0,6.4,14.1,3.8,12.9
2018-12-02,9.0,4.1,13.6,0.0,4.6
2018-12-03,10.3,6.9,15.3,0.0,2.4
2018-12-04,10.5,9.1,11.9,2.5,5.6
2018-12-05,11.3,9.1,14.7,3.0,6.5
2018-12-06,11.8,8.6,16.4,0.0,5.9
2018-12-07,11.1,6.4,17.5,0.0,6.1
2018-12-08,10.2,5.3,16.4,0.0,3.0
2018-12-09,9.0,5.8,11.9,0.0,3.4
2018-12-10,9.3,6.4,13.0,0.0,6.0
2018-12-11,9.6,5.8,15.3,0.0,4.2
2018-12-12,11.5,8.6,15.8,0.0,10.5
2018-12-13,10.4,4.1,16.9,0.0,2.2
2018-12-14,12.5,6.4,16.9,0.0,12.1
2018-12-15,12.8,8.0,18.0,0.0,11.6
2018-12-16,13.5,10.8,16.4,7.6,16.7
2018-12-17,12.3,8.6,16.4,16.6,6.9
2018-12-18,11.3,6.4,17.5,0.0,6.6
2018-12-19,11.3,8.0,14.7,0.0,2.8
2018-12-20,9.9,8.0,12.5,0.0,4.4
2018-12-21,12.2,10.3,15.3,0.0,9.1
2018-12-22,10.7,6.4,14.7,0.0,5.4
2018-12-23,11.1,7.5,15.8,0.0,5.0
2018-12-24,11.5,8.0,14.7,4.3,10.5
2018-12-25,10.8,8.6,14.1,0.0,19.5
2018-12-26,9.4,4.6,13.5,0.0,4.0
2018-12-27,10.9,7.9,15.2,0.0,13.7
2018-12-28,10.1,6.4,14.1,0.0,13.7
2018-12-29,8.2,2.5,15.8,0.0,5.3
2018-12-30,8.4,3.6,14.1,0.0,7.2
2018-12-31,9.3,4.6,12.9,0.0,16.9
2019-01-01,7.7,3.6,12.5,0.0,10.6
2019-01-02,6.4,0.8,13.6,0.0,6.4
2019-01-03,6.9,0.8,14.1,0.0,4.3
2019-01-04,8.2,2.5,15.8,0.0,5.0
2019-01-05,10.5,8.0,12.5,1.5,21.3
2019-01-06,9.9,7.5,14.1,16.0,20.2
2019-01-07,12.7,9.1,16.4,0.0,9.9
2019-01-08,13.5,10.8,15.8,0.0,11.2
2019-01-09,13.5,10.3,15.8,2.3,13.8
2019-01-10,10.7,6.4,15.8,0.0,5.1
2019-01-11,12.2,6.9,16.9,1.0,15.1
2019-01-12,12.7,9.7,16.9,0.0,10.7
2019-01-13,11.5,6.9,16.4,0.0,10.2
2019-01-14,10.8,9.1,13.0,0.8,12.2
2019-01-15,11.4,10.3,13.0,3.8,14.4
2019-01-16,13.7,12.5,15.8,30.2,28.3
2019-01-17,13.8,10.8,15.3,1.8,11.2
2019-01-18,13.5,10.3,17.5,0.0,4.3
2019-01-19,14.5,10.3,19.7,0.0,5.3
2019-01-20,12.8,8.6,17.5,4.1,11.0
2019-01-21,9.7,6.4,13.0,0.0,10.6
2019-01-22,9.8,5.3,14.7,0.0,9.2
2019-01-23,9.3,3.6,15.3,0.0,5.2
2019-01-24,10.5,4.1,16.9,0.0,8.6
2019-01-25,10.6,4.1,18.0,0.0,4.6
2019-01-26,11.2,5.3,18.0,0.0,3.3
2019-01-27,12.6,7.5,18.0,0.0,3.8
2019-01-28,13.2,9.1,18.0,0.0,4.6
2019-01-29,12.5,9.1,16.9,0.3,6.9
2019-01-30,13.6,10.3,18.6,1.0,5.5
2019-01-31,13.2,10.8,16.9,8.1,6.5
2019-02-01,12.7,10.8,14.7,1.3,21.0
2019-02-02,11.6,9.7,14.7,22.1,29.0
2019-02-03,11.6,9.7,13.6,2.8,16.0
2019-02-04,9.1,6.9,13.0,15.5,12.8
2019-02-05,5.8,2.5,9.1,1.5,8.8
2019-02-06,6.5,1.4,12.5,0.0,8.0
2019-02-07,7.5,2.5,13.6,0.0,8.3
2019-02-08,8.3,5.3,11.4,5.6,13.2
2019-02-09,8.6,3.0,11.9,8.4,12.2
2019-02-10,7.6,4.1,10.3,7.9,11.9
2019-02-11,6.9,2.5,11.9,0.0,7.9
2019-02-12,8.0,2.5,12.5,0.8,11.8
2019-02-13,12.8,8.6,16.4,17.0,30.6
2019-02-14,12.7,9.7,16.4,18.5,17.2
2019-02-15,8.5,5.8,10.8,6.4,10.2
2019-02-16,8.0,5.8,10.8,7.6,12.8
2019-02-17,7.5,4.1,11.4,4.8,14.3
2019-02-18,6.9,1.9,12.5,0.0,9.0
2019-02-19,6.9,0.8,12.5,0.0,8.7
2019-02-20,9.6,7.5,12.5,0.0,20.6
2019-02-21,8.5,4.1,12.5,0.0,20.1
2019-02-22,7.9,2.5,12.5,0.0,10.6
2019-02-23,7.6,0.8,13.6,0.0,7.7
2019-02-24,9.9,5.8,15.3,0.0,6.8
2019-02-25,11.3,8.6,13.0,0.0,16.4
2019-02-26,12.8,11.4,15.3,3.3,24.5
2019-02-27,13.0,10.3,17.5,8.1,21.5
2019-02-28,10.8,8.6,14.1,1.9,9.3
2019-03-01,10.4,6.4,14.7,1.5,2.7
2019-03-02,13.8,10.3,18.0,16.3,6.1
2019-03-03,12.6,10.8,16.4,3.3,5.4
2019-03-04,11.3,9.1,14.1,0.0,7.4
2019-03-05,12.2,10.3,14.7,1.5,13.8
2019-03-06,12.7,11.4,15.8,8.1,22.7
2019-03-07,10.1,8.0,11.9,2.3,8.0
2019-03-08,8.7,5.8,12.5,0.8,12.0
2019-03-09,8.1,5.3,11.4,1.0,18.3
2019-03-10,0.0,6.8,14.6,4.6,11.2
2019-03-11,10.3,4.7,16.9,0.0,9.0
2019-03-12,10.0,4.7,15.8,0.0,15.7
2019-03-13,10.8,6.9,15.8,0.0,18.4
2019-03-14,10.9,4.1,18.0,0.0,11.0
2019-03-15,11.7,4.1,19.1,0.0,7.9
2019-03-16,13.1,5.8,20.8,0.0,7.6
2019-03-17,14.3,7.5,21.9,0.0,5.3
2019-03-18,16.0,8.6,25.3,0.0,4.8
2019-03-19,14.7,10.3,21.9,0.0,10.4
2019-03-20,12.8,10.3,16.9,4.6,13.4
2019-03-21,11.4,6.4,16.9,0.0,9.0
2019-03-22,11.3,8.0,14.1,6.1,13.1
2019-03-23,12.6,9.1,16.4,7.6,13.6
2019-03-24,11.8,4.7,19.1,0.0,7.3
2019-03-25,13.7,9.1,19.1,13.0,13.9
2019-03-26,14.2,10.3,18.6,0.8,8.6
2019-03-27,14.2,11.4,16.9,3.6,18.1
2019-03-28,12.3,7.5,17.5,0.8,12.1
2019-03-29,12.3,7.5,16.9,0.0,11.5
2019-03-30,13.0,6.9,19.1,0.0,10.0
2019-03-31,14.9,6.9,23.0,0.0,8.6
2019-04-01,14.4,9.7,18.0,0.8,7.0
2019-04-02,14.3,11.9,18.0,1.0,10.9
2019-04-03,13.9,11.9,16.4,0.0,9.3
2019-04-04,13.9,12.5,16.4,0.0,14.4
2019-04-05,13.8,11.4,17.5,2.0,11.2
2019-04-06,15.4,11.4,20.3,0.0,13.5
2019-04-07,16.7,11.4,23.0,0.0,11.5
2019-04-08,17.5,13.0,22.5,0.0,10.5
2019-04-09,14.5,11.9,18.6,0.0,16.6
2019-04-10,14.2,8.6,20.3,0.0,20.4
2019-04-11,13.0,9.7,16.9,0.0,14.1
2019-04-12,13.9,8.0,20.8,0.0,13.8
2019-04-13,15.6,9.1,24.1,0.0,9.1
2019-04-14,13.1,9.7,18.6,0.0,11.5
2019-04-15,12.6,9.7,18.0,2.3,7.6
2019-04-16,13.5,10.3,18.0,0.3,15.1
2019-04-17,15.0,8.6,22.5,0.0,9.9
2019-04-18,18.3,10.3,26.9,0.0,7.8
2019-04-19,17.3,12.5,23.6,0.0,10.3
2019-04-20,14.1,11.4,17.5,0.0,14.9
2019-04-21,14.0,8.0,20.8,0.0,12.0
2019-04-22,17.1,9.7,26.9,0.0,10.1
2019-04-23,21.8,13.0,30.3,0.0,7.0
2019-04-24,22.3,15.3,31.4,0.0,8.4
2019-04-25,17.9,13.0,24.7,0.0,10.3
2019-04-26,17.2,10.8,26.4,0.0,7.4
2019-04-27,15.8,11.4,21.9,0.0,13.1
2019-04-28,14.6,10.3,21.4,0.0,14.4
2019-04-29,14.9,10.8,19.7,0.0,16.9
2019-04-30,15.1,11.9,20.3,0.0,17.8
2019-05-01,15.7,9.1,23.6,0.0,11.9
2019-05-02,16.5,9.1,24.1,0.0,9.9
2019-05-03,16.4,10.8,23.6,0.0,9.7
2019-05-04,14.2,10.3,20.8,0.0,11.4
2019-05-05,14.4,10.8,19.1,0.5,11.9
2019-05-06,14.9,11.4,20.3,0.8,9.1
2019-05-07,15.7,13.0,20.3,0.0,12.0
2019-05-08,15.8,13.0,22.5,0.0,12.7
2019-05-09,16.0,13.6,19.7,0.0,10.6
2019-05-10,17.1,13.6,23.6,0.0,12.6
2019-05-11,16.3,12.5,21.9,0.0,12.3
2019-05-12,16.1,13.0,20.8,0.0,10.6
2019-05-13,15.3,11.4,21.4,0.0,12.7
2019-05-14,15.5,13.0,19.1,0.0,11.3
2019-05-15,15.8,14.1,19.1,5.6,16.3
2019-05-16,13.3,11.4,15.8,3.0,13.8
2019-05-17,13.4,10.8,18.6,0.0,12.6
2019-05-18,11.3,8.0,15.3,3.6,14.6
2019-05-19,12.0,8.6,15.8,5.3,9.5
2019-05-20,13.4,9.1,18.6,0.5,9.4
2019-05-21,12.9,10.3,15.3,2.0,17.6
2019-05-22,15.8,11.4,21.4,0.0,18.2
2019-05-23,16.6,11.9,23.0,0.0,14.2
2019-05-24,16.5,13.0,21.9,0.0,14.3
2019-05-25,15.7,12.5,20.8,0.0,12.1
2019-05-26,12.9,11.4,16.4,2.3,14.7
2019-05-27,13.8,10.8,18.0,0.0,10.2
2019-05-28,15.8,11.9,21.9,0.0,12.2
2019-05-29,16.3,11.9,24.1,0.0,12.1
2019-05-30,15.2,13.0,19.7,0.0,11.9
2019-05-31,17.7,12.5,25.3,0.0,9.7
2019-06-01,18.3,13.0,26.4,0.0,10.1
2019-06-02,17.4,13.0,23.6,0.0,16.1
2019-06-03,18.5,13.6,24.7,0.0,10.3
2019-06-04,21.2,14.1,29.1,0.0,9.4
2019-06-05,21.0,16.4,28.0,0.0,10.0
2019-06-06,17.4,12.5,23.0,0.0,13.0
2019-06-07,16.8,10.8,23.0,0.0,14.1
2019-06-08,21.0,12.5,28.6,0.0,13.9
2019-06-09,24.8,15.3,33.0,0.0,5.9
2019-06-10,28.2,20.3,37.5,0.0,8.0
2019-06-11,28.6,19.1,36.9,0.0,9.6
2019-06-12,26.6,19.7,34.1,0.0,10.5
2019-06-13,19.8,15.7,25.2,0.0,12.3
2019-06-14,17.6,13.6,23.6,0.0,11.9
2019-06-15,16.2,13.0,20.3,0.0,12.5
2019-06-16,16.7,13.6,21.9,0.0,11.1
2019-06-17,18.8,12.5,26.9,0.0,14.3
2019-06-18,19.7,14.1,25.8,0.0,10.8
2019-06-19,18.8,14.1,25.8,0.0,14.7
2019-06-20,19.1,15.3,24.7,0.0,16.4
2019-06-21,18.8,13.6,25.8,0.0,14.3
2019-06-22,21.5,13.6,30.8,0.0,12.4
2019-06-23,23.0,15.3,31.4,0.0,9.8
2019-06-24,20.9,14.7,28.6,0.0,11.5
2019-06-25,19.8,13.6,26.9,0.0,13.0
2019-06-26,17.9,14.1,22.5,0.0,15.0
2019-06-27,17.5,13.0,22.5,0.0,17.8
2019-06-28,18.3,15.3,24.1,0.0,10.9
2019-06-29,17.6,11.4,24.1,0.0,10.1
2019-06-30,17.8,13.6,23.6,0.0,12.6
2019-07-01,18.2,13.0,24.1,0.0,12.2
2019-07-02,18.4,13.6,23.6,0.0,10.5
2019-07-03,18.1,13.0,25.3,0.0,12.8
2019-07-04,18.0,13.0,24.7,0.0,12.3
2019-07-05,18.4,12.5,26.4,0.0,11.4
2019-07-06,18.7,12.5,26.9,0.0,10.6
2019-07-07,17.7,13.0,24.1,0.0,12.1
2019-07-08,16.9,13.6,21.9,0.0,14.6
2019-07-09,18.2,13.5,23.5,0.0,11.9
2019-07-10,19.7,16.9,24.7,0.0,15.5
2019-07-11,20.0,15.8,25.8,0.0,12.1
2019-07-12,19.2,14.7,26.4,0.0,10.9
2019-07-13,18.8,14.1,24.7,0.0,11.1
2019-07-14,19.8,14.7,25.3,0.0,10.2
2019-07-15,21.7,16.4,29.1,0.0,12.3
2019-07-16,20.9,15.3,28.0,0.0,11.1
2019-07-17,20.6,14.1,29.1,0.0,15.1
2019-07-18,20.4,15.7,25.7,0.0,14.0
2019-07-19,20.7,14.7,28.0,0.0,17.8
2019-07-20,19.3,15.3,25.3,0.0,13.7
2019-07-21,20.3,14.7,27.5,0.0,12.0
2019-07-22,22.1,16.4,29.7,0.0,10.3
2019-07-23,20.9,15.8,26.4,0.0,11.9
2019-07-24,23.8,16.4,33.0,0.0,10.6
2019-07-25,22.9,17.5,29.1,0.0,11.4
2019-07-26,20.2,15.3,26.9,0.0,11.9
2019-07-27,22.7,14.7,31.4,0.0,8.9
2019-07-28,24.2,18.6,30.8,0.0,11.3
2019-07-29,19.5,14.2,26.4,0.0,15.4
2019-07-30,18.7,14.7,24.7,0.0,11.1
2019-07-31,19.4,13.6,28.0,0.0,13.2
2019-08-01,18.5,13.0,23.6,0.0,15.0
2019-08-02,20.1,15.8,26.4,0.0,12.2
2019-08-03,20.9,15.8,28.0,0.0,10.1
2019-08-04,20.9,16.9,28.0,0.0,11.9
2019-08-05,21.1,16.4,29.7,0.0,9.2
2019-08-06,20.8,15.8,29.7,0.0,10.8
2019-08-07,19.1,14.7,24.7,0.0,12.8
2019-08-08,19.2,14.7,24.7,0.0,11.3
2019-08-09,20.8,15.8,26.9,0.0,12.0
2019-08-10,21.6,17.5,26.4,0.0,14.4
2019-08-11,21.5,15.8,29.1,0.0,14.6
2019-08-12,22.7,16.4,31.4,0.0,11.5
2019-08-13,23.4,16.4,31.9,0.0,9.3
2019-08-14,26.4,18.6,35.8,0.0,7.9
2019-08-15,27.9,19.7,36.4,0.0,8.8
2019-08-16,25.0,19.1,33.0,0.0,12.0
2019-08-17,20.3,15.3,28.0,0.0,13.7
2019-08-18,19.5,15.3,25.3,0.0,11.9
2019-08-19,18.6,15.3,25.3,0.0,10.8
2019-08-20,19.0,15.8,24.1,0.0,15.5
2019-08-21,21.2,14.7,28.6,0.0,10.3
2019-08-22,23.3,18.6,30.3,0.0,10.8
2019-08-23,21.5,17.5,28.0,0.0,11.5
2019-08-24,20.8,16.9,25.8,0.0,12.1
2019-08-25,21.9,16.4,28.0,0.0,11.0
2019-08-26,22.6,15.8,31.9,0.0,10.4
2019-08-27,22.2,16.4,29.7,0.0,10.1
2019-08-28,19.8,16.8,24.0,0.0,12.2
2019-08-29,21.2,18.6,25.8,0.0,13.3
2019-08-30,20.5,15.8,26.4,0.0,9.4
2019-08-31,22.1,15.3,31.9,0.0,7.8
2019-09-01,22.9,16.9,30.3,0.0,9.8
2019-09-02,21.0,16.9,26.4,0.0,12.0
2019-09-03,19.9,15.3,26.4,0.0,11.2
2019-09-04,20.3,15.8,28.6,0.0,10.8
2019-09-05,18.6,15.8,23.6,0.0,14.2
2019-09-06,19.2,15.8,24.1,0.0,12.6
2019-09-07,18.2,15.3,21.4,0.0,13.9
2019-09-08,19.0,13.6,24.1,0.0,11.7
2019-09-09,19.0,13.6,25.3,0.0,12.3
2019-09-10,18.8,13.6,24.1,0.0,10.8
2019-09-11,0.0,0.0,0.0,0.0,0.0
2019-09-12,23.4,15.3,32.5,0.0,8.8
2019-09-13,25.6,16.9,35.3,0.0,8.5
2019-09-14,22.5,16.9,29.7,0.0,11.1
2019-09-15,19.3,14.7,24.7,0.0,12.6
2019-09-16,19.2,16.4,23.0,0.0,13.8
2019-09-17,18.5,13.6,24.7,0.0,11.2
2019-09-18,18.6,14.7,24.1,0.0,11.8
2019-09-19,18.5,13.6,25.3,0.0,10.3
2019-09-20,20.3,13.0,28.0,0.0,9.7
2019-09-21,21.7,14.7,29.7,0.0,9.2
2019-09-22,20.2,14.7,26.9,0.0,8.6
2019-09-23,20.8,15.3,28.0,0.0,10.4
2019-09-24,24.5,15.8,34.7,0.0,8.3
2019-09-25,26.4,18.6,36.4,0.0,7.0
2019-09-26,22.6,19.1,27.5,0.0,21.3
2019-09-27,19.7,14.7,24.1,0.0,17.6
2019-09-28,15.5,11.9,20.3,0.0,16.7
2019-09-29,14.4,9.1,19.7,0.0,11.7
2019-09-30,14.4,10.8,19.1,0.0,13.5
2019-10-01,14.1,8.0,20.3,0.0,9.8
2019-10-02,15.7,9.1,24.1,0.0,10.2
2019-10-03,15.0,9.1,21.9,0.0,9.2
2019-10-04,15.1,8.6,23.6,0.0,9.7
2019-10-05,17.2,9.7,26.4,0.0,8.0
2019-10-06,19.7,10.8,29.1,0.0,4.9
2019-10-07,21.1,14.1,30.3,0.0,6.9
2019-10-08,19.6,12.5,29.7,0.0,7.3
2019-10-09,16.8,12.5,22.5,0.0,11.8
2019-10-10,18.4,12.5,25.3,0.0,9.3
2019-10-11,17.3,9.7,26.4,0.0,5.4
2019-10-12,17.1,8.6,25.8,0.0,7.5
2019-10-13,15.8,9.7,23.6,0.0,7.6
2019-10-14,14.5,8.0,23.0,0.0,7.1
2019-10-15,14.5,10.3,21.4,0.0,6.7
2019-10-16,14.6,9.7,20.3,0.0,6.2
2019-10-17,16.2,13.6,20.3,0.0,17.2
2019-10-18,14.7,8.6,20.8,0.0,8.6
2019-10-19,14.5,8.6,22.5,0.0,8.6
2019-10-20,16.2,11.4,23.0,0.0,9.7
2019-10-21,18.5,11.4,28.0,0.0,7.7
2019-10-22,20.3,11.9,29.1,0.0,7.9
2019-10-23,21.2,13.6,29.1,0.0,6.0
2019-10-24,21.8,13.0,31.9,0.0,3.8
2019-10-25,20.9,13.6,30.8,0.0,7.1
2019-10-26,18.0,12.5,27.5,0.0,7.4
2019-10-27,16.4,11.4,21.4,0.0,18.9
2019-10-28,14.5,7.5,21.4,0.0,8.3
2019-10-29,13.4,6.4,22.5,0.0,8.4
2019-10-30,13.4,6.4,20.8,0.0,5.9
2019-10-31,13.2,5.8,22.5,0.0,6.1
2019-11-01,13.6,5.8,23.0,0.0,6.4
2019-11-02,13.9,5.3,24.1,0.0,4.4
2019-11-03,14.7,6.9,25.3,0.0,4.7
2019-11-04,14.7,8.6,23.0,0.0,4.7
2019-11-05,14.4,8.0,21.9,0.0,4.8
2019-11-06,13.2,9.7,18.6,0.0,4.9
2019-11-07,12.8,9.7,18.6,0.0,5.1
2019-11-08,13.5,10.8,19.7,0.0,4.6
2019-11-09,13.0,10.3,18.6,0.0,6.3
2019-11-10,13.6,10.3,20.3,0.0,5.6
2019-11-11,15.9,8.6,24.7,0.0,2.6
2019-11-12,16.3,10.3,23.0,0.0,3.6
2019-11-13,13.9,10.3,19.7,0.0,4.5
2019-11-14,14.6,11.4,17.5,0.0,12.4
2019-11-15,15.3,13.6,19.1,0.0,11.6
2019-11-16,15.4,13.0,20.8,0.0,3.5
2019-11-17,15.4,9.1,23.0,0.0,2.6
2019-11-18,15.4,9.1,23.0,0.0,4.7
2019-11-19,13.9,11.4,18.6,0.0,11.7
2019-11-20,13.7,9.1,19.7,0.0,9.3
2019-11-21,12.3,6.9,18.6,0.0,8.3
2019-11-22,12.3,7.5,18.6,0.0,6.0
2019-11-23,12.4,6.4,19.7,0.0,4.8
2019-11-24,12.3,6.4,20.3,0.0,6.6
2019-11-25,11.0,5.3,17.5,0.0,15.4
2019-11-26,8.7,4.7,12.5,0.0,13.2
2019-11-27,7.3,5.8,9.7,0.0,9.8
2019-11-28,6.4,2.5,9.7,0.0,8.5
2019-11-29,6.8,1.9,11.9,0.0,7.9
2019-11-30,8.5,5.3,10.8,0.0,30.9
2019-12-01,12.0,10.8,13.0,0.0,41.2
2019-12-02,13.1,11.4,14.7,0.0,23.0
2019-12-03,12.3,8.6,15.8,0.0,2.8
2019-12-04,12.7,11.4,14.7,0.0,5.3
2019-12-05,12.9,8.0,16.4,0.0,5.5
2019-12-06,15.1,11.4,19.1,0.0,20.4
2019-12-07,15.3,13.6,18.0,0.0,19.3
2019-12-08,13.4,11.9,15.8,0.0,9.0
2019-12-09,12.2,10.8,14.1,0.0,7.0
2019-12-10,12.5,9.1,16.4,0.0,6.4
2019-12-11,14.5,11.9,16.9,0.0,14.8
2019-12-12,16.4,14.7,19.7,0.0,11.7
2019-12-13,14.8,13.0,16.4,0.0,7.5
2019-12-14,11.6,9.1,14.1,0.0,12.8
2019-12-15,9.6,6.4,13.0,0.0,9.6
2019-12-16,8.3,4.1,14.7,0.0,5.1
2019-12-17,8.9,4.1,15.3,0.0,5.2
2019-12-18,11.6,9.7,13.6,0.0,18.1
2019-12-19,12.1,9.1,16.4,0.0,6.2
2019-12-20,11.4,7.5,17.5,0.0,2.6
2019-12-21,11.4,7.5,15.3,0.0,10.1
2019-12-22,11.5,7.5,13.6,0.0,17.2
2019-12-23,7.8,4.1,11.9,0.0,5.8
2019-12-24,7.7,4.1,10.8,0.0,8.0
2019-12-25,9.5,7.5,11.9,0.0,17.1
2019-12-26,9.8,5.8,13.6,0.0,13.4
2019-12-27,7.2,1.4,13.6,0.0,5.8
2019-12-28,8.0,2.5,15.8,0.0,4.7
2019-12-29,9.4,6.4,13.0,0.0,10.3
2019-12-30,10.3,7.5,14.7,0.0,6.6
2019-12-31,0.0,0.0,0.0,0.0,0.0
2020-01-01,10.0,5.3,13.6,0.0,10.4
2020-01-02,11.6,8.0,15.8,0.0,7.3
2020-01-03,10.3,5.3,19.7,0.0,4.3
2020-01-04,11.4,6.9,15.3,0.0,12.0
2020-01-05,9.5,5.3,14.1,0.0,8.8
2020-01-06,9.4,4.1,16.4,0.0,7.8
2020-01-07,8.4,3.0,13.6,0.0,6.6
2020-01-08,10.3,8.0,13.6,0.0,9.0
2020-01-09,9.6,6.4,13.0,0.0,14.0
2020-01-10,8.5,3.0,14.7,0.0,6.4
2020-01-11,9.5,6.9,13.6,0.0,9.1
2020-01-12,7.5,3.6,12.5,0.0,6.7
2020-01-13,9.6,4.1,13.0,0.0,5.5
2020-01-14,9.4,5.8,11.9,0.0,9.7
2020-01-15,6.7,1.9,11.4,0.0,5.6
2020-01-16,7.7,5.3,9.7,0.0,19.3
2020-01-17,7.4,3.0,13.0,0.0,6.5
2020-01-18,7.2,3.6,13.0,0.0,2.3
2020-01-19,7.5,3.0,11.9,0.0,3.4
2020-01-20,9.6,6.9,13.6,0.0,5.6
2020-01-21,11.8,8.6,15.3,0.0,13.7
2020-01-22,13.0,10.8,16.9,0.0,3.8
2020-01-23,11.0,6.9,15.8,0.0,3.8
2020-01-24,12.2,7.5,18.0,0.0,6.7
2020-01-25,14.1,10.8,18.0,0.0,6.2
2020-01-26,13.5,9.1,15.8,0.0,10.3
2020-01-27,10.7,6.4,15.8,0.0,6.7
2020-01-28,11.9,9.7,15.8,0.0,7.3
2020-01-29,0.0,0.0,0.0,0.0,0.0
2020-01-30,11.7,7.5,16.4,0.0,5.2
2020-01-31,12.8,6.9,19.7,0.0,3.2
2020-02-01,12.0,6.9,19.1,0.0,3.9
2020-02-02,10.7,7.5,13.6,0.0,22.5
2020-02-03,7.4,2.5,12.5,0.0,11.8
2020-02-04,7.7,3.0,12.5,0.0,12.6
2020-02-05,8.7,2.5,16.4,0.0,7.0
2020-02-06,11.2,4.7,19.1,0.0,4.7
2020-02-07,10.9,4.7,19.1,0.0,5.8
2020-02-08,10.7,7.5,15.3,0.0,7.3
2020-02-09,11.8,5.3,16.4,0.0,20.4
2020-02-10,14.7,8.0,21.4,0.0,13.1
2020-02-11,15.3,8.6,22.5,0.0,10.2
2020-02-12,12.7,6.4,20.8,0.0,7.7
2020-02-13,10.5,6.9,15.3,0.0,11.3
2020-02-14,11.8,9.7,16.9,0.0,5.7
2020-02-15,11.3,5.8,18.0,0.0,7.5
2020-02-16,11.2,6.4,15.8,0.0,9.0
2020-02-17,13.7,8.6,21.4,0.0,9.5
2020-02-18,12.6,6.9,20.3,0.0,7.0
2020-02-19,11.0,4.7,19.1,0.0,5.4
2020-02-20,12.4,5.3,20.3,0.0,6.2
2020-02-21,13.7,6.9,18.6,0.0,3.0
2020-02-22,13.9,10.3,19.1,0.0,14.0
2020-02-23,11.4,7.5,15.8,0.0,7.7
2020-02-24,12.8,6.4,20.3,0.0,7.9
2020-02-25,15.4,6.4,24.7,0.0,8.5
2020-02-26,15.8,8.6,24.1,0.0,6.4
2020-02-27,16.1,8.0,25.3,0.0,5.2
2020-02-28,15.9,11.4,24.1,0.0,8.3
2020-02-29,11.9,9.1,15.8,0.0,11.5
2020-03-01,10.4,4.7,15.3,0.0,10.5
2020-03-02,15.1,6.9,22.5,0.0,16.4
2020-03-03,16.4,8.6,24.1,0.0,9.6
2020-03-04,16.3,9.1,24.7,0.0,6.5
2020-03-05,13.4,9.7,18.6,0.0,11.5
2020-03-06,13.5,11.4,18.6,0.0,11.3
2020-03-07,11.1,9.7,13.0,0.0,12.2
2020-03-08,0.0,0.0,0.0,0.0,0.0
2020-03-09,12.9,8.0,18.6,0.0,6.4
2020-03-10,15.1,9.7,19.1,0.0,7.8
2020-03-11,16.3,12.5,21.9,0.0,11.2
2020-03-12,15.1,9.1,23.0,0.0,7.4
2020-03-13,13.0,9.7,17.5,0.0,18.0
2020-03-14,11.6,9.7,14.7,0.0,15.7
2020-03-15,9.7,7.5,11.9,0.0,12.3
2020-03-16,8.3,6.4,13.0,0.0,7.3
2020-03-17,7.9,3.6,13.6,0.0,10.3
2020-03-18,8.8,5.3,11.9,0.0,7.9
2020-03-19,10.9,7.5,15.3,0.0,5.3
2020-03-20,11.5,6.4,16.9,0.0,7.4
2020-03-21,12.0,8.6,15.8,0.0,5.4
2020-03-22,12.6,9.1,19.1,0.0,6.1
2020-03-23,11.5,9.1,14.1,0.0,9.9
2020-03-24,11.3,8.6,14.1,0.0,10.8
2020-03-25,9.3,6.4,12.5,0.0,9.4
2020-03-26,8.9,2.5,14.1,0.0,11.3
2020-03-27,9.3,3.0,14.7,0.0,9.5
2020-03-28,10.8,8.6,13.6,0.0,6.4
2020-03-29,12.4,9.7,16.4,0.0,11.4
2020-03-30,13.7,10.8,18.6,0.0,8.7
2020-03-31,13.6,10.3,19.1,0.0,10.9
2020-04-01,12.1,8.6,16.9,0.0,15.1
2020-04-02,11.8,5.3,18.6,0.0,12.1
2020-04-03,10.7,4.1,16.9,0.0,10.7
2020-04-04,10.7,5.3,15.3,0.0,13.2
2020-04-05,11.0,9.7,12.5,0.0,11.8
2020-04-06,8.4,5.8,10.3,0.0,4.8
2020-04-07,10.2,4.1,16.9,0.0,9.8
2020-04-08,12.9,9.1,18.0,0.0,10.3
2020-04-09,13.8,11.4,16.9,0.0,8.6
2020-04-10,14.5,11.9,18.6,0.0,14.7
2020-04-11,13.4,11.4,17.5,0.0,10.0
2020-04-12,13.8,10.8,19.1,0.0,7.4
2020-04-13,15.1,10.8,20.8,0.0,8.8
2020-04-14,16.6,8.6,24.7,0.0,8.3
2020-04-15,17.1,9.7,26.9,0.0,9.9
2020-04-16,14.0,11.4,19.1,0.0,10.2
2020-04-17,14.5,12.5,19.1,0.0,10.9
2020-04-18,14.7,12.5,19.7,0.0,13.2
2020-04-19,14.1,8.6,19.7,0.0,10.6
2020-04-20,14.0,11.9,17.5,0.0,14.0
2020-04-21,14.5,11.9,20.8,0.0,12.6
2020-04-22,15.9,9.1,24.1,0.0,12.0
2020-04-23,17.4,13.0,24.1,0.0,14.3
2020-04-24,18.9,11.9,28.0,0.0,10.6
2020-04-25,19.7,13.0,28.6,0.0,9.5
2020-04-26,17.2,11.4,24.1,0.0,12.7
2020-04-27,17.2,10.8,24.1,0.0,12.4
2020-04-28,19.0,13.0,28.6,0.0,10.4
2020-04-29,16.0,12.5,20.3,0.0,12.5
2020-04-30,16.2,11.4,23.6,0.0,12.6
2020-05-01,16.3,9.7,23.0,0.0,14.1
2020-05-02,17.1,12.5,22.5,0.0,11.0
2020-05-03,15.9,10.8,20.8,0.0,15.0
2020-05-04,15.9,8.0,25.8,0.0,10.6
2020-05-05,16.3,9.7,23.6,0.0,13.4
2020-05-06,18.0,10.8,26.9,0.0,13.7
2020-05-07,20.5,10.8,29.7,0.0,9.6
2020-05-08,21.4,13.0,31.9,0.0,7.8
2020-05-09,16.8,12.5,24.1,0.0,11.2
2020-05-10,16.5,11.9,22.5,0.0,13.3
2020-05-11,16.5,11.4,23.0,0.0,20.8
2020-05-12,15.9,13.0,19.7,0.0,15.9
2020-05-13,15.5,9.7,20.3,0.0,9.5
2020-05-14,16.8,11.9,22.5,0.0,9.9
2020-05-15,17.5,13.6,22.5,0.0,16.5
2020-05-16,18.4,13.0,24.1,0.0,10.8
2020-05-17,18.3,16.4,23.0,0.0,19.3
2020-05-18,16.3,13.0,20.3,0.0,14.7
2020-05-19,15.2,10.3,21.4,0.0,14.5
2020-05-20,16.2,13.6,21.4,0.0,13.3
2020-05-21,17.4,10.3,25.3,0.0,13.0
2020-05-22,16.7,12.5,22.5,0.0,11.6
2020-05-23,18.1,10.3,27.5,0.0,11.9
2020-05-24,20.6,11.9,31.4,0.0,9.4
2020-05-25,25.0,16.4,34.1,0.0,9.3
2020-05-26,26.0,16.9,34.7,0.0,10.0
2020-05-27,25.5,18.6,33.6,0.0,11.0
2020-05-28,20.1,14.1,26.9,0.0,11.8
2020-05-29,18.5,14.1,25.8,0.0,18.8
2020-05-30,18.6,16.4,21.9,0.0,18.2
2020-05-31,17.2,13.0,21.9,0.0,9.4
2020-06-01,19.2,15.3,25.3,0.0,12.1
2020-06-02,23.5,15.3,32.5,0.0,10.9
2020-06-03,26.4,18.0,35.3,0.0,10.6
2020-06-04,23.3,16.4,33.0,0.0,10.3
2020-06-05,17.7,14.1,21.9,0.0,21.3
2020-06-06,16.6,13.0,22.5,0.0,15.6
2020-06-07,15.8,11.9,20.3,0.0,24.0
2020-06-08,18.1,10.8,25.3,0.0,15.1
2020-06-09,21.0,12.5,31.9,0.0,11.2
2020-06-10,21.7,14.7,30.3,0.0,11.8
2020-06-11,20.8,14.7,29.1,0.0,12.8
2020-06-12,17.6,14.1,21.4,0.0,17.6
2020-06-13,17.1,13.0,21.9,0.0,15.2
2020-06-14,18.4,14.7,24.7,0.0,14.1
2020-06-15,19.0,14.7,24.7,0.0,13.3
2020-06-16,17.8,13.6,22.5,0.0,16.9
2020-06-17,21.3,13.0,29.7,0.0,11.6
2020-06-18,23.7,15.3,33.0,0.0,11.3
2020-06-19,20.5,14.7,28.0,0.0,13.1
2020-06-20,18.4,13.0,25.8,0.0,12.4
2020-06-21,19.7,14.1,26.9,0.0,12.4
2020-06-22,20.2,13.6,29.7,0.0,11.9
2020-06-23,20.1,14.1,28.0,0.0,14.5
2020-06-24,20.6,14.7,28.6,0.0,12.0
2020-06-25,19.9,14.1,27.5,0.0,13.9
2020-06-26,20.4,14.7,27.5,0.0,13.3
2020-06-27,20.5,15.8,28.0,0.0,11.8
2020-06-28,18.6,14.1,25.3,0.0,17.4
2020-06-29,19.5,12.5,27.5,0.0,16.4
2020-06-30,21.6,14.1,31.4,0.0,13.7
2020-07-01,18.8,13.0,28.0,0.0,15.2
2020-07-02,18.0,13.0,24.7,0.0,19.7
2020-07-03,18.4,12.5,24.7,0.0,14.5
2020-07-04,21.6,13.6,30.3,0.0,10.3
2020-07-05,21.4,14.7,29.1,0.0,11.1
2020-07-06,18.6,12.5,25.3,0.0,12.8
2020-07-07,19.0,12.5,27.5,0.0,12.0
2020-07-08,20.0,14.1,28.0,0.0,11.4
2020-07-09,20.3,13.0,29.7,0.0,11.5
2020-07-10,21.6,15.3,29.1,0.0,9.7
2020-07-11,22.5,15.3,31.9,0.0,9.6
2020-07-12,22.4,15.3,31.4,0.0,10.7
2020-07-13,19.8,14.7,25.8,0.0,12.1
2020-07-14,18.8,13.6,27.5,0.0,19.5
2020-07-15,19.2,14.1,26.4,0.0,15.1
2020-07-16,18.8,14.1,24.1,0.0,12.7
2020-07-17,19.9,14.1,26.4,0.0,11.5
2020-07-18,20.1,14.7,26.4,0.0,12.8
2020-07-19,19.3,15.3,24.7,0.0,11.5
2020-07-20,18.8,15.8,23.6,0.0,11.6
2020-07-21,18.4,14.7,25.3,0.0,11.4
2020-07-22,19.2,14.1,26.9,0.0,13.2
2020-07-23,19.3,14.7,26.9,0.0,14.2
2020-07-24,18.2,13.6,24.7,0.0,13.5
2020-07-25,19.5,13.6,26.9,0.0,13.0
2020-07-26,19.8,14.7,25.8,0.0,12.2
2020-07-27,19.6,15.3,26.4,0.0,10.8
2020-07-28,19.3,15.3,25.3,0.0,10.4
2020-07-29,19.5,15.3,25.3,0.0,11.3
2020-07-30,19.2,15.8,25.3,0.0,11.4
2020-07-31,18.8,15.3,25.3,0.0,11.5
2020-08-01,19.4,14.1,25.8,0.0,10.4
2020-08-02,19.8,14.7,26.4,0.0,9.7
2020-08-03,21.6,16.4,30.3,0.0,10.8
2020-08-04,19.5,14.7,25.8,0.0,13.4
2020-08-05,18.2,16.4,22.5,0.0,11.4
2020-08-06,20.2,16.4,26.9,0.0,14.8
2020-08-07,20.3,14.7,28.6,0.0,13.3
2020-08-08,20.9,14.7,29.1,0.0,12.0
2020-08-09,21.8,16.4,29.7,0.0,9.3
2020-08-10,20.9,16.4,26.9,0.0,10.0
2020-08-11,19.5,14.7,25.8,0.0,11.0
2020-08-12,21.0,16.4,27.5,0.0,9.4
2020-08-13,24.9,16.4,34.7,0.0,7.9
2020-08-14,29.3,23.0,38.0,0.0,9.2
2020-08-15,28.6,21.9,35.8,0.0,11.0
2020-08-16,28.8,23.6,36.4,0.0,12.9
2020-08-17,26.0,21.9,34.7,0.0,9.9
2020-08-18,26.9,20.8,35.8,0.0,8.8
2020-08-19,25.3,20.3,31.4,0.0,11.1
2020-08-20,21.6,15.3,28.6,0.0,14.8
2020-08-21,22.2,16.4,30.8,0.0,10.8
2020-08-22,23.0,17.5,31.4,0.0,8.7
2020-08-23,22.5,18.0,28.6,0.0,8.9
2020-08-24,22.9,18.6,29.7,0.0,10.2
2020-08-25,20.7,17.5,25.8,0.0,11.5
2020-08-26,18.7,14.7,23.6,0.0,11.5
2020-08-27,18.3,14.7,25.3,0.0,9.0
2020-08-28,18.6,13.6,24.7,0.0,9.1
2020-08-29,18.3,12.5,24.7,0.0,9.3
2020-08-30,18.3,13.0,25.3,0.0,8.8
2020-08-31,18.4,14.7,24.7,0.0,8.4
2020-09-01,17.6,13.6,23.0,0.0,10.2
2020-09-02,18.0,15.3,23.6,0.0,11.0
2020-09-03,17.8,15.8,21.9,0.0,13.1
2020-09-04,19.2,14.7,26.9,0.0,10.6
2020-09-05,25.2,15.8,36.4,0.0,4.7
2020-09-06,29.7,20.3,39.7,0.0,7.1
2020-09-07,29.6,22.5,39.1,0.0,8.9
2020-09-08,21.7,18.0,28.6,0.0,10.6
2020-09-09,17.3,15.3,18.6,0.0,6.5
2020-09-10,17.1,14.7,19.7,0.0,4.1
2020-09-11,18.0,13.6,24.1,0.0,3.4
2020-09-12,20.0,14.7,28.0,0.0,4.6
2020-09-13,17.5,15.3,21.9,0.0,9.3
2020-09-14,17.6,15.3,23.0,0.0,7.8
2020-09-15,19.0,15.3,25.3,0.0,8.3
2020-09-16,20.3,16.9,26.4,0.0,8.6
2020-09-17,21.3,18.6,26.4,0.0,10.3
2020-09-18,20.6,18.0,25.3,0.0,14.1
2020-09-19,20.4,15.8,26.4,0.0,10.8
2020-09-20,22.0,14.7,31.9,0.0,7.0
2020-09-21,20.5,15.8,27.5,0.0,7.5
2020-09-22,19.6,14.1,26.9,0.0,9.5
2020-09-23,20.0,14.1,26.9,0.0,10.1
2020-09-24,21.3,18.0,26.9,0.0,14.3
2020-09-25,18.8,13.0,24.1,0.0,9.9
2020-09-26,20.4,14.7,28.0,0.0,9.3
2020-09-27,24.7,15.8,33.6,0.0,8.9
2020-09-28,25.8,17.5,36.9,0.0,6.0
2020-09-29,21.1,16.9,28.0,0.0,8.3
2020-09-30,21.8,16.4,30.3,0.0,6.6
2020-10-01,25.1,18.6,34.1,0.0,5.2
2020-10-02,24.3,17.5,33.6,0.0,5.6
2020-10-03,22.7,16.4,33.6,0.0,5.6
2020-10-04,20.3,14.7,28.6,0.0,7.0
2020-10-05,19.5,14.1,29.7,0.0,5.6
2020-10-06,18.8,14.1,26.4,0.0,5.9
2020-10-07,16.2,13.6,19.7,0.0,8.7
2020-10-08,16.8,14.7,21.4,0.0,8.9
2020-10-09,17.9,15.8,22.5,0.0,6.9
2020-10-10,18.5,14.1,24.1,0.0,12.2
2020-10-11,18.9,13.6,25.8,0.0,11.3
2020-10-12,19.8,12.5,28.6,0.0,6.5
2020-10-13,20.6,12.5,29.7,0.0,7.7
2020-10-14,22.5,15.3,31.4,0.0,8.1
2020-10-15,25.4,16.9,33.6,0.0,8.9
2020-10-16,24.3,16.9,34.1,0.0,5.6
2020-10-17,23.5,15.3,34.1,0.0,4.8
2020-10-18,21.6,14.7,30.3,0.0,7.1
2020-10-19,19.4,13.6,29.1,0.0,6.1
2020-10-20,20.1,13.6,29.7,0.0,4.7
2020-10-21,20.3,13.6,29.7,0.0,5.8
2020-10-22,18.0,13.0,25.8,0.0,9.9
2020-10-23,16.4,12.5,23.0,0.0,8.8
2020-10-24,15.9,11.4,21.4,0.0,8.1
2020-10-25,16.6,13.0,21.4,0.0,9.7
2020-10-26,17.2,11.9,24.1,0.0,0.0
2020-10-27,16.4,9.1,25.8,0.0,8.3
2020-10-28,16.4,9.7,25.3,0.0,4.9
2020-10-29,15.8,8.6,24.1,0.0,5.0
2020-10-30,14.7,8.6,21.9,0.0,6.2
2020-10-31,15.7,8.0,24.1,0.0,3.1
2020-11-01,15.8,8.6,25.8,0.0,3.3
2020-11-02,16.8,10.3,25.8,0.0,4.3
2020-11-03,14.6,9.7,25.3,0.0,6.0
2020-11-04,15.3,8.6,23.6,0.0,5.5
2020-11-05,17.6,11.4,25.3,0.0,4.6
2020-11-06,14.0,10.3,16.4,0.0,18.8
2020-11-07,11.7,9.1,16.4,0.0,9.0
2020-11-08,10.4,5.3,14.1,0.0,20.9
2020-11-09,8.2,1.9,15.3,0.0,7.5
2020-11-10,10.1,1.9,16.9,0.0,5.9
2020-11-11,11.9,8.6,15.8,0.0,6.6
2020-11-12,11.1,6.4,16.9,0.0,5.2
2020-11-13,10.9,5.3,17.5,0.0,10.6
2020-11-14,10.2,5.8,14.7,0.0,5.4
2020-11-15,11.2,4.1,19.1,0.0,5.1
2020-11-16,13.6,6.4,22.5,0.0,2.6
2020-11-17,15.3,11.9,18.6,0.0,19.1
2020-11-18,14.8,10.3,18.0,0.0,10.5
2020-11-19,11.4,7.5,16.4,0.0,8.1
2020-11-20,11.4,5.8,19.1,0.0,4.5
2020-11-21,9.9,3.6,17.5,0.0,4.8
2020-11-22,8.9,2.5,16.4,0.0,7.9
2020-11-23,10.9,6.9,15.3,0.0,5.2
2020-11-24,10.9,5.3,19.7,0.0,7.2
2020-11-25,10.6,6.4,15.8,0.0,7.9
2020-11-26,10.5,3.6,18.0,0.0,6.8
2020-11-27,9.4,2.5,18.0,0.0,5.1
2020-11-28,8.4,0.8,17.5,0.0,5.1
2020-11-29,9.3,0.8,18.0,0.0,5.0
2020-11-30,9.3,1.9,16.9,0.0,4.2
2020-12-01,9.9,5.3,16.9,0.0,2.7
2020-12-02,9.8,3.0,18.0,0.0,3.5
2020-12-03,10.4,4.7,17.5,0.0,5.6
2020-12-04,10.9,5.3,19.7,0.0,2.2
2020-12-05,9.9,4.1,17.5,0.0,5.9
2020-12-06,9.1,5.3,15.3,0.0,5.0
2020-12-07,13.2,3.6,22.5,0.0,9.9
2020-12-08,12.7,5.3,22.5,0.0,2.8
2020-12-09,10.7,3.6,17.5,0.0,4.3
2020-12-10,10.5,5.8,19.1,0.0,7.1
2020-12-11,9.0,4.7,14.1,0.0,8.5
2020-12-12,11.5,9.1,14.7,0.0,8.0
2020-12-13,11.9,8.6,15.3,0.0,12.8
2020-12-14,9.0,5.8,13.0,0.0,7.8
2020-12-15,9.1,4.7,14.7,0.0,3.6
2020-12-16,10.0,4.1,16.4,0.0,4.0
2020-12-17,11.3,8.0,13.6,0.0,14.4
2020-12-18,9.1,3.6,16.4,0.0,7.2
2020-12-19,8.2,3.6,15.3,0.0,5.2
2020-12-20,8.0,1.9,16.4,0.0,3.0
2020-12-21,7.8,1.9,15.3,0.0,3.9
2020-12-22,10.2,5.8,15.3,0.0,12.1
2020-12-23,9.5,4.1,15.3,0.0,4.7
2020-12-24,8.5,3.6,14.1,0.0,2.7
2020-12-25,12.4,6.9,16.9,0.0,14.6
2020-12-26,11.5,8.0,14.7,1.1,7.3
2020-12-27,10.2,6.9,15.8,0.0,7.2
2020-12-28,9.7,6.4,13.6,0.0,7.8
2020-12-29,8.8,3.6,15.8,0.0,4.0
2020-12-30,7.8,1.4,13.6,0.0,7.0
2020-12-31,9.9,6.4,14.7,0.0,11.6
2021-01-01,9.1,3.6,16.9,0.0,4.4
2021-01-02,11.2,8.0,14.1,0.8,9.3
2021-01-03,11.3,10.3,13.6,0.0,3.5
2021-01-04,12.5,8.0,15.3,4.2,14.0
2021-01-05,8.9,5.3,13.0,0.0,4.6
2021-01-06,8.3,2.5,15.8,0.0,5.3
2021-01-07,9.3,5.8,14.7,0.0,3.4
2021-01-08,10.9,8.0,15.3,0.0,8.3
2021-01-09,9.8,4.7,15.8,0.0,5.3
2021-01-10,9.1,4.1,16.9,0.0,5.4
2021-01-11,9.6,4.1,16.4,0.0,6.7
2021-01-12,11.6,6.9,16.4,0.0,5.1
2021-01-13,13.0,6.9,20.3,0.0,5.5
2021-01-14,13.3,6.9,21.4,0.0,6.3
2021-01-15,12.4,5.8,20.3,0.0,5.9
2021-01-16,13.1,6.9,20.8,0.0,4.3
2021-01-17,14.4,6.9,24.7,0.0,4.1
2021-01-18,18.7,10.8,24.7,0.0,16.0
2021-01-19,14.7,10.8,19.7,0.0,20.4
2021-01-20,11.2,4.7,19.1,0.0,5.4
2021-01-21,9.6,3.6,16.9,0.0,6.4
2021-01-22,9.1,7.5,10.8,6.5,8.6
2021-01-23,8.4,4.7,12.5,0.0,8.4
2021-01-24,6.9,2.5,10.8,4.6,9.7
2021-01-25,7.9,6.4,11.4,0.0,24.7
2021-01-26,6.1,0.3,10.3,3.1,20.4
2021-01-27,8.8,7.5,10.8,29.0,30.3
2021-01-28,9.6,8.0,10.3,35.9,16.3
2021-01-29,8.8,4.7,13.0,3.3,7.3
2021-01-30,10.5,5.8,16.4,0.0,6.7
2021-01-31,13.4,9.1,18.0,0.0,7.6
2021-02-01,12.9,8.0,16.9,0.0,14.3
2021-02-02,12.4,9.1,15.3,3.0,12.6
2021-02-03,9.6,4.7,14.1,0.0,8.3
2021-02-04,10.9,6.9,15.8,0.0,9.4
2021-02-05,10.9,4.1,20.8,0.0,6.9
2021-02-06,11.7,4.7,20.8,0.0,4.7
2021-02-07,11.2,5.3,19.1,0.0,5.7
2021-02-08,9.8,4.1,15.3,0.0,5.7
2021-02-09,11.9,9.1,16.4,0.0,5.5
2021-02-10,11.5,7.5,16.9,0.0,7.9
2021-02-11,10.9,6.9,15.8,5.8,6.6
2021-02-12,11.7,9.1,15.3,0.2,15.5
2021-02-13,12.0,9.7,15.3,1.0,16.1
2021-02-14,10.6,5.8,13.6,0.0,7.0
2021-02-15,12.2,10.3,15.8,2.0,14.8
2021-02-16,10.1,6.4,13.6,0.0,12.4
2021-02-17,10.1,3.6,16.9,0.0,9.4
2021-02-18,11.2,3.0,19.1,0.0,7.7
2021-02-19,12.6,9.1,18.0,0.0,14.4
2021-02-20,10.8,8.0,15.3,2.2,16.1
2021-02-21,11.1,5.3,17.5,0.0,6.8
2021-02-22,13.3,6.9,21.9,0.0,5.8
2021-02-23,15.0,7.5,25.3,0.0,8.0
2021-02-24,13.9,5.8,21.4,0.0,11.0
2021-02-25,13.4,8.0,19.1,0.0,14.8
2021-02-26,10.5,5.3,16.4,0.0,10.5
2021-02-27,10.7,5.8,16.4,0.0,14.8
2021-02-28,12.2,4.7,19.7,0.0,8.9
2021-03-01,13.7,5.8,20.8,0.0,10.9
2021-03-02,11.9,5.8,18.6,0.0,8.0
2021-03-03,12.6,8.6,20.3,0.0,8.1
2021-03-04,11.8,6.4,19.1,0.0,11.4
2021-03-05,12.8,6.4,19.1,0.0,12.9
2021-03-06,10.6,8.0,14.7,5.5,13.6
2021-03-07,9.9,3.6,15.8,0.0,11.0
2021-03-08,10.2,6.4,14.7,0.0,10.0
2021-03-09,9.6,6.4,14.7,5.3,15.8
2021-03-10,8.0,6.4,10.8,17.3,10.4
2021-03-11,8.7,6.4,13.6,0.6,10.3
2021-03-12,10.7,3.6,18.6,0.0,9.6
2021-03-13,10.0,6.4,14.7,0.0,10.2
2021-03-14,0.0,0.0,0.0,0.0,0.0
2021-03-15,8.6,6.4,11.4,1.0,20.7
2021-03-16,8.6,2.5,15.3,0.0,10.4
2021-03-17,8.5,3.6,13.6,0.0,6.7
2021-03-18,11.9,9.7,15.3,5.8,13.1
2021-03-19,12.2,9.1,15.3,0.2,9.0
2021-03-20,9.7,4.1,14.7,0.0,12.4
2021-03-21,10.5,4.7,18.0,0.0,10.5
2021-03-22,10.6,3.6,16.4,0.0,12.3
2021-03-23,13.5,7.5,18.6,0.0,24.7
2021-03-24,13.7,7.5,20.3,0.0,10.9
2021-03-25,11.7,8.0,16.4,0.0,10.4
2021-03-26,13.1,5.3,21.4,0.0,10.8
2021-03-27,15.3,6.9,23.6,0.0,8.8
2021-03-28,15.4,8.0,24.1,0.0,10.2
2021-03-29,12.6,7.5,17.5,0.0,9.9
2021-03-30,16.8,8.6,24.7,0.0,10.3
2021-03-31,18.1,7.5,28.0,0.0,7.3
2021-04-01,19.1,9.7,29.1,0.0,9.2
2021-04-02,14.5,9.7,20.8,0.0,10.2
2021-04-03,12.2,9.7,16.9,0.0,12.3
2021-04-04,12.4,9.7,16.9,0.0,14.7
2021-04-05,12.1,9.7,16.4,0.0,13.3
2021-04-06,12.6,9.7,18.6,0.0,10.6
2021-04-07,11.9,9.7,16.4,0.0,14.8
2021-04-08,12.2,6.9,19.1,0.0,9.4
2021-04-09,11.6,8.0,16.4,0.0,11.6
2021-04-10,12.6,6.4,19.7,0.0,9.3
2021-04-11,12.7,6.4,21.9,0.0,8.4
2021-04-12,13.7,6.9,22.5,0.0,7.2
2021-04-13,12.9,9.1,17.5,0.0,13.1
2021-04-14,13.6,7.5,20.8,0.0,13.5
2021-04-15,13.0,7.5,19.1,0.0,12.8
2021-04-16,12.7,8.6,18.6,0.0,12.2
2021-04-17,13.7,9.1,20.3,0.0,12.3
2021-04-18,16.8,8.6,27.5,0.0,8.7
2021-04-19,13.9,9.7,19.1,0.0,10.5
2021-04-20,12.4,8.6,17.5,0.0,12.1
2021-04-21,13.4,9.1,19.7,0.0,15.1
2021-04-22,13.0,10.3,19.7,0.0,18.1
2021-04-23,13.8,9.7,21.4,0.0,13.1
2021-04-24,13.7,10.3,18.6,0.0,12.7
2021-04-25,12.6,9.1,14.7,2.2,9.9
2021-04-26,11.0,4.7,16.4,0.0,12.5
2021-04-27,13.8,5.3,21.9,0.0,11.0
2021-04-28,17.6,8.6,27.5,0.0,10.8
2021-04-29,16.7,10.8,23.6,0.0,9.2
2021-04-30,14.6,10.3,20.3,0.0,12.5
2021-05-01,15.2,10.8,20.8,0.0,12.7
2021-05-02,15.2,9.1,22.5,0.0,14.1
2021-05-03,18.3,10.8,28.0,0.0,11.5
2021-05-04,19.2,13.6,27.5,0.0,10.4
2021-05-05,17.8,11.9,27.5,0.0,9.8
2021-05-06,14.9,10.8,20.8,0.0,14.4
2021-05-07,15.2,9.7,21.4,0.0,11.8
2021-05-08,18.4,9.7,28.0,0.0,12.5
2021-05-09,18.3,12.5,26.9,0.0,13.1
2021-05-10,19.4,11.9,28.6,0.0,11.8
2021-05-11,19.0,11.9,27.5,0.0,10.7
2021-05-12,16.7,11.9,23.0,0.0,11.0
2021-05-13,14.8,10.8,21.4,0.0,11.4
2021-05-14,14.3,10.8,19.7,0.0,11.9
2021-05-15,14.1,10.8,18.6,0.0,10.6
2021-05-16,14.9,11.9,20.8,0.0,14.9
2021-05-17,14.5,11.4,19.7,0.0,14.0
2021-05-18,15.8,9.7,22.5,0.0,12.4
2021-05-19,14.0,9.7,18.6,0.0,15.0
2021-05-20,13.2,8.6,18.6,0.0,19.8
2021-05-21,14.6,9.7,20.8,0.0,13.5
2021-05-22,14.9,9.7,22.5,0.0,17.6
2021-05-23,14.1,9.7,19.7,0.0,13.5
2021-05-24,15.7,10.8,23.0,0.0,12.5
2021-05-25,16.0,11.9,20.3,0.0,11.8
2021-05-26,15.7,10.3,23.0,0.0,11.0
2021-05-27,15.8,9.7,21.4,0.0,10.2
2021-05-28,16.4,11.9,21.9,0.0,13.1
2021-05-29,14.3,11.9,18.6,0.0,13.9
2021-05-30,17.7,11.9,27.5,0.0,10.6
2021-05-31,20.7,13.6,28.0,0.0,9.3
2021-06-01,18.8,14.1,25.8,0.0,11.0
2021-06-02,16.6,13.0,22.5,0.0,11.1
2021-06-03,18.5,11.9,26.4,0.0,7.7
2021-06-04,17.8,13.6,23.0,0.0,11.0
2021-06-05,18.0,10.8,26.4,0.0,11.4
2021-06-06,17.3,11.4,24.1,0.0,18.2
2021-06-07,15.4,10.8,20.3,0.0,15.5
2021-06-08,14.7,10.3,19.7,0.0,15.2
2021-06-09,14.5,10.3,19.7,0.0,15.6
2021-06-10,14.8,9.7,20.8,0.0,15.1
2021-06-11,16.4,9.7,22.5,0.0,13.4
2021-06-12,19.7,15.3,25.8,0.0,14.5
2021-06-13,20.2,16.4,24.7,0.0,15.7
2021-06-14,19.6,15.8,23.6,0.0,15.0
2021-06-15,18.6,13.0,24.7,0.0,15.9
2021-06-16,21.9,13.6,30.8,0.0,8.9
2021-06-17,24.9,16.4,34.1,0.0,8.6
2021-06-18,24.0,16.9,33.0,0.0,10.0
2021-06-19,21.6,16.4,28.0,0.0,12.4
2021-06-20,18.8,13.0,25.3,0.0,10.5
2021-06-21,18.7,13.6,24.7,0.0,12.9
2021-06-22,19.8,15.8,25.3,0.0,12.8
2021-06-23,19.1,15.8,24.7,0.0,15.7
2021-06-24,18.4,15.3,24.1,0.0,13.3
2021-06-25,17.8,14.7,23.0,0.0,11.2
2021-06-26,18.6,15.3,24.7,0.0,12.6
2021-06-27,17.8,14.7,23.0,0.0,12.4
2021-06-28,18.2,14.7,23.6,0.0,14.0
2021-06-29,18.8,14.7,24.1,0.0,12.6
2021-06-30,18.7,15.3,23.6,0.0,12.2
2021-07-01,19.2,14.7,25.3,0.0,14.0
2021-07-02,18.9,15.3,25.3,0.0,12.4
2021-07-03,18.3,14.7,24.1,0.0,12.0
2021-07-04,18.4,14.7,24.1,0.0,15.0
2021-07-05,18.0,14.7,24.1,0.0,13.2
2021-07-06,17.6,14.7,22.5,0.0,13.9
2021-07-07,16.8,13.6,20.8,0.0,13.4
2021-07-08,20.6,13.6,29.1,0.0,7.4
2021-07-09,23.2,17.5,29.7,0.0,10.4
2021-07-10,20.9,14.7,28.0,0.0,11.2
2021-07-11,18.3,14.1,23.0,0.0,13.5
2021-07-12,16.8,13.6,21.9,0.0,12.2
2021-07-13,17.2,13.6,23.0,0.0,11.3
2021-07-14,18.1,13.0,25.8,0.0,15.1
2021-07-15,16.7,13.6,22.5,0.0,12.5
2021-07-16,17.7,11.4,25.3,0.0,10.8
2021-07-17,19.3,11.9,26.9,0.0,12.4
2021-07-18,20.9,14.1,28.6,0.0,10.4
2021-07-19,20.6,15.3,27.5,0.0,10.9
2021-07-20,18.5,14.1,23.6,0.0,8.6
2021-07-21,18.9,13.6,24.7,0.0,10.6
2021-07-22,18.2,13.6,23.6,0.0,10.5
2021-07-23,19.3,12.5,27.5,0.0,12.7
2021-07-24,19.0,12.5,26.4,0.0,10.1
2021-07-25,19.4,13.6,26.9,0.0,9.5
2021-07-26,19.5,14.7,26.9,0.0,8.9
2021-07-27,21.7,16.4,28.6,0.0,11.2
2021-07-28,20.9,15.8,27.5,0.0,11.4
2021-07-29,21.1,15.8,26.9,0.0,9.8
2021-07-30,20.7,15.8,27.5,0.0,10.8
2021-07-31,20.5,15.8,26.9,0.0,13.7
2021-08-01,19.1,14.7,24.7,0.0,11.6
2021-08-02,19.2,13.6,25.8,0.0,10.7
2021-08-03,19.1,14.1,26.9,0.0,11.7
2021-08-04,17.9,14.1,23.6,0.0,12.4
2021-08-05,18.5,15.3,23.6,0.0,13.1
2021-08-06,20.5,14.7,29.1,0.0,9.0
2021-08-07,20.4,15.8,27.5,0.0,10.6
2021-08-08,20.3,14.7,27.5,0.0,11.9
2021-08-09,19.8,14.1,27.5,0.0,12.9
2021-08-10,20.7,14.7,29.7,0.0,9.5
2021-08-11,20.8,16.4,27.5,0.0,10.5
2021-08-12,20.7,16.4,26.9,0.0,11.6
2021-08-13,20.0,15.3,25.8,0.0,11.2
2021-08-14,20.4,15.8,25.8,0.0,10.9
2021-08-15,20.3,15.8,26.4,0.0,9.8
2021-08-16,20.8,15.8,27.5,0.0,10.9
2021-08-17,20.4,15.8,27.5,0.0,12.2
2021-08-18,18.8,15.3,24.7,0.0,15.5
2021-08-19,19.0,14.7,24.7,0.0,9.9
2021-08-20,18.6,14.7,23.6,0.0,9.0
2021-08-21,18.7,15.3,24.1,0.0,16.6
2021-08-22,18.6,15.3,25.3,0.0,12.7
2021-08-23,18.2,12.5,26.4,0.0,12.2
2021-08-24,18.3,14.1,25.3,0.0,12.0
2021-08-25,17.7,13.6,24.1,0.0,10.5
2021-08-26,20.0,13.0,28.0,0.0,7.1
2021-08-27,23.8,15.3,32.5,0.0,7.0
2021-08-28,25.1,17.5,34.7,0.0,8.0
2021-08-29,22.1,16.9,30.3,0.0,9.2
2021-08-30,20.6,16.4,28.0,0.0,8.0
2021-08-31,19.7,14.1,27.5,0.0,13.7
2021-09-01,18.2,13.6,25.8,0.0,15.5
2021-09-02,17.0,13.0,23.0,0.0,13.7
2021-09-03,18.6,15.3,25.3,0.0,9.7
2021-09-04,19.1,13.6,28.0,0.0,7.4
2021-09-05,21.2,14.1,30.8,0.0,8.0
2021-09-06,23.3,15.3,32.5,0.0,6.7
2021-09-07,22.9,17.5,30.8,0.0,10.3
2021-09-08,22.7,17.5,32.5,0.0,9.3
2021-09-09,20.7,17.5,26.9,0.0,10.2
2021-09-10,19.9,16.4,25.3,0.0,10.5
2021-09-11,20.0,14.1,26.9,0.0,8.1
2021-09-12,20.8,14.1,30.8,0.0,6.8
2021-09-13,20.7,15.3,28.0,0.0,7.5
2021-09-14,19.8,14.1,28.0,0.0,9.1
2021-09-15,17.8,13.6,25.8,0.0,9.4
2021-09-16,16.7,11.9,24.7,0.0,10.5
2021-09-17,17.4,13.6,24.1,0.0,12.8
2021-09-18,17.8,12.5,24.1,0.0,13.0
2021-09-19,19.3,16.9,24.1,0.0,15.0
2021-09-20,21.8,13.0,31.4,0.0,6.2
2021-09-21,23.8,16.4,32.5,0.0,7.5
2021-09-22,21.9,16.9,29.7,0.0,10.2
2021-09-23,20.7,14.1,31.4,0.0,6.4
2021-09-24,20.5,15.3,28.0,0.0,8.0
2021-09-25,17.3,13.6,22.5,0.0,9.8
2021-09-26,17.3,14.7,21.4,0.0,10.7
2021-09-27,17.9,14.1,23.6,0.0,11.0
2021-09-28,18.1,14.1,24.7,0.0,19.8
2021-09-29,17.8,10.8,25.3,0.0,9.7
2021-09-30,20.4,12.5,29.7,0.0,6.6
2021-10-01,21.3,13.6,31.4,0.0,7.4
2021-10-02,21.8,14.1,31.4,0.0,5.8
2021-10-03,22.6,14.1,31.9,0.0,5.8
2021-10-04,22.1,15.3,30.8,0.0,6.4
2021-10-05,17.5,13.6,24.1,0.0,10.4
2021-10-06,16.4,14.1,20.3,0.0,8.4
2021-10-07,15.0,11.4,20.3,0.0,10.4
2021-10-08,14.9,11.9,19.1,0.0,12.9
2021-10-09,16.0,10.8,22.5,0.0,10.8
2021-10-10,16.6,10.8,24.7,0.0,9.9
2021-10-11,15.3,11.4,20.8,0.0,25.3
2021-10-12,15.4,11.4,20.8,0.0,19.4
2021-10-13,13.1,6.9,19.7,0.0,9.2
2021-10-14,15.7,9.1,24.1,0.0,7.0
2021-10-15,17.8,9.7,28.0,0.0,4.3
2021-10-16,19.7,11.4,29.7,0.0,5.9
2021-10-17,17.1,11.9,24.1,3.5,15.2
2021-10-18,13.0,9.1,17.5,0.2,8.4
2021-10-19,14.0,7.5,21.4,0.0,10.6
2021-10-20,17.2,15.3,19.1,3.4,13.4
2021-10-21,19.6,16.9,23.6,0.0,14.0
2021-10-22,16.2,14.1,18.6,5.2,11.5
2021-10-23,15.8,11.9,20.3,0.0,9.0
2021-10-24,15.9,14.1,18.0,41.6,23.6
2021-10-25,14.8,10.8,18.6,22.2,12.2
2021-10-26,14.1,9.1,19.1,0.0,5.9
2021-10-27,16.7,11.4,21.9,0.0,8.1
2021-10-28,18.3,13.0,25.3,0.0,5.3
2021-10-29,17.7,12.5,25.8,0.0,7.7
2021-10-30,16.4,13.6,20.8,0.0,9.1
2021-10-31,14.4,10.3,18.6,0.0,8.1
2021-11-01,16.1,14.7,18.0,1.7,12.2
2021-11-02,17.1,14.1,21.4,0.0,6.7
2021-11-03,16.9,11.4,24.1,0.0,3.7
2021-11-04,16.4,13.6,19.7,2.5,10.0
2021-11-05,14.0,10.8,19.1,0.0,7.7
2021-11-06,14.0,10.3,18.6,0.0,8.1
2021-11-07,12.3,8.0,16.9,0.0,10.1
2021-11-08,13.0,6.4,19.7,5.2,10.7
2021-11-09,14.9,11.4,19.7,5.0,18.3
2021-11-10,16.2,13.6,20.3,0.0,9.2
2021-11-11,15.4,10.3,22.5,0.0,4.9
2021-11-12,15.3,9.7,23.0,0.0,5.0
2021-11-13,15.2,9.1,23.6,0.0,4.4
2021-11-14,15.0,9.1,21.9,0.0,4.2
2021-11-15,13.5,9.1,17.5,0.0,3.6
2021-11-16,13.9,11.4,17.5,0.0,7.1
2021-11-17,13.0,7.5,19.7,0.0,5.3
2021-11-18,12.5,8.6,17.5,0.3,6.5
2021-11-19,14.7,12.5,19.7,0.0,9.7
2021-11-20,15.1,10.3,20.3,0.0,9.0
2021-11-21,12.8,5.8,20.8,0.0,3.3
2021-11-22,12.6,6.4,21.9,0.0,4.9
2021-11-23,11.9,5.3,18.0,0.0,8.3
2021-11-24,12.7,6.4,19.7,0.0,10.7
2021-11-25,11.3,4.7,20.3,0.0,4.5
2021-11-26,11.9,5.8,18.6,0.0,5.2
2021-11-27,13.2,6.9,20.8,0.0,3.3
2021-11-28,13.7,7.5,21.4,0.0,3.8
2021-11-29,13.6,7.5,21.4,0.0,4.3
2021-11-30,13.4,6.9,21.9,0.0,4.2
2021-12-01,14.0,6.9,23.6,0.0,3.1
2021-12-02,12.9,7.5,20.3,0.0,3.7
2021-12-03,11.7,10.3,13.6,0.0,5.8
2021-12-04,12.1,10.8,15.3,0.0,6.1
2021-12-05,11.7,10.3,15.8,0.0,6.3
2021-12-06,10.9,9.7,11.4,0.3,4.5
2021-12-07,11.7,9.7,14.1,1.3,3.1
2021-12-08,11.2,8.0,14.1,0.2,7.7
2021-12-09,10.9,8.0,14.1,2.8,9.1
2021-12-10,8.1,3.6,13.6,0.0,6.0
2021-12-11,7.8,1.9,16.4,0.0,6.0
2021-12-12,10.2,7.5,13.6,15.1,20.0
2021-12-13,11.3,8.0,12.5,30.0,24.5
2021-12-14,7.5,4.1,10.3,7.5,11.8
2021-12-15,8.7,4.1,11.9,0.0,19.8
2021-12-16,10.2,7.5,13.6,13.4,11.7
2021-12-17,7.7,3.6,12.5,0.0,5.6
2021-12-18,6.1,1.9,11.9,0.0,3.1
2021-12-19,6.4,1.4,13.6,0.0,4.9
2021-12-20,8.2,3.6,13.0,0.0,7.7
2021-12-21,7.8,3.0,13.6,2.8,4.7
2021-12-22,12.7,9.1,16.9,3.3,10.0
2021-12-23,13.6,10.3,15.3,10.3,13.3
2021-12-24,11.1,9.7,12.5,16.5,11.7
2021-12-25,9.0,6.9,11.9,18.8,15.5
2021-12-26,7.8,4.7,10.8,7.8,10.8
2021-12-27,8.1,6.4,11.4,12.6,11.4
2021-12-28,7.4,5.3,9.7,0.7,9.5
2021-12-29,9.4,7.5,11.9,15.9,14.3
2021-12-30,8.2,4.7,11.9,0.0,6.7
2021-12-31,7.5,2.5,10.8,0.0,10.5
2022-01-01,6.0,1.4,12.5,0.0,3.8
2022-01-02,6.4,0.3,15.3,0.0,5.0
2022-01-03,10.1,6.4,13.0,0.0,14.9
2022-01-04,12.2,9.7,15.8,0.0,7.5
2022-01-05,12.8,10.3,16.9,0.0,6.5
2022-01-06,12.9,11.4,15.3,0.0,6.3
2022-01-07,11.7,9.7,14.7,0.2,9.2
2022-01-08,10.3,6.4,14.1,0.0,5.2
2022-01-09,9.0,3.6,16.4,0.0,3.6
2022-01-10,10.9,6.9,17.5,0.0,4.5
2022-01-11,10.5,4.7,18.6,0.0,3.2
2022-01-12,11.0,4.7,18.0,0.0,3.5
2022-01-13,11.1,8.0,16.9,0.0,4.9
2022-01-14,11.3,5.8,18.0,0.0,6.0
2022-01-15,11.2,4.7,18.6,0.0,2.5
2022-01-16,13.1,8.6,18.0,0.0,3.7
2022-01-17,11.6,6.4,16.9,0.0,2.9
2022-01-18,9.5,5.8,13.6,0.0,4.5
2022-01-19,11.0,8.6,16.9,0.0,4.6
2022-01-20,11.0,5.3,18.6,0.0,2.7
2022-01-21,12.8,5.3,19.1,0.0,9.6
2022-01-22,13.9,8.0,19.7,0.0,10.9
2022-01-23,10.4,3.6,18.6,0.0,5.7
2022-01-24,10.0,3.6,18.0,0.0,6.7
2022-01-25,9.0,4.1,16.4,0.0,4.5
2022-01-26,9.3,5.3,16.4,0.0,4.2
2022-01-27,10.4,3.0,19.7,0.0,5.7
2022-01-28,10.4,3.6,19.1,0.0,3.1
2022-01-29,10.0,5.3,18.0,0.0,3.5
2022-01-30,8.8,1.9,16.4,0.0,7.7
2022-01-31,8.9,4.1,13.0,0.0,4.1
2022-02-01,9.4,3.0,16.4,0.0,11.7
2022-02-02,11.2,6.4,16.4,0.0,13.4
2022-02-03,9.9,3.0,18.0,0.0,7.1
2022-02-04,10.3,3.0,18.0,0.0,4.6
2022-02-05,9.7,3.0,18.0,0.0,3.6
2022-02-06,10.4,3.0,19.7,0.0,4.4
2022-02-07,10.8,3.6,19.7,0.0,3.3
2022-02-08,12.3,3.0,22.5,0.0,5.9
2022-02-09,13.8,5.8,24.1,0.0,4.4
2022-02-10,15.2,5.8,25.8,0.0,5.6
2022-02-11,15.8,8.0,25.3,0.0,6.0
2022-02-12,16.0,8.6,26.4,0.0,3.3
2022-02-13,15.6,8.6,25.3,0.0,5.1
2022-02-14,11.7,9.7,15.3,0.0,11.1
2022-02-15,10.8,6.4,15.3,0.0,19.4
2022-02-16,13.6,6.9,20.3,0.0,13.6
2022-02-17,14.4,9.7,19.7,0.0,9.2
2022-02-18,12.1,5.8,19.7,0.0,5.8
2022-02-19,13.4,6.4,20.8,0.0,5.8
2022-02-20,10.7,5.8,16.4,0.0,9.7
2022-02-21,9.0,3.0,13.6,1.0,11.0
2022-02-22,8.2,5.3,11.4,1.5,17.4
2022-02-23,7.0,2.5,12.5,0.0,9.3
2022-02-24,7.5,0.3,14.7,0.0,9.4
2022-02-25,8.5,1.4,16.4,0.0,6.9
2022-02-26,9.6,2.5,16.9,0.0,5.2
2022-02-27,12.7,4.7,20.8,0.0,6.2
2022-02-28,13.8,6.4,23.0,0.0,6.5
2022-03-01,14.1,6.9,22.5,0.0,7.2
2022-03-02,14.0,8.0,21.4,0.0,8.0
2022-03-03,11.7,9.1,14.1,0.6,5.9
2022-03-04,11.2,7.5,14.1,1.1,12.2
2022-03-05,9.6,6.4,14.1,0.3,12.3
2022-03-06,9.7,3.6,17.5,0.0,10.5
2022-03-07,11.5,4.1,19.7,0.0,9.8
2022-03-08,13.6,4.1,22.5,0.0,8.8
2022-03-09,12.2,5.3,19.1,0.0,12.3
2022-03-10,12.6,5.8,19.7,0.0,12.7
2022-03-11,13.3,3.6,22.5,0.0,7.9
2022-03-12,12.0,5.8,20.8,0.0,8.8
2022-03-13,0.0,0.0,0.0,0.0,0.0
2022-03-14,13.6,4.7,23.0,0.0,9.0
2022-03-15,15.5,11.9,20.8,0.7,13.2
2022-03-16,13.3,8.0,20.3,0.0,9.1
2022-03-17,12.9,9.7,19.1,0.0,7.9
2022-03-18,13.4,6.9,21.9,0.0,6.9
2022-03-19,11.9,10.3,13.6,1.9,9.6
2022-03-20,12.3,6.9,19.1,0.0,16.1
2022-03-21,13.9,6.9,21.9,0.0,9.9
2022-03-22,19.4,10.3,28.0,0.0,11.2
2022-03-23,15.0,11.4,20.8,0.0,10.2
2022-03-24,13.6,8.0,21.4,0.0,9.8
2022-03-25,13.4,10.3,20.8,0.0,10.6
2022-03-26,14.1,8.0,21.4,0.0,10.2
2022-03-27,13.6,10.3,18.0,3.8,16.5
2022-03-28,13.2,10.3,16.9,11.8,15.5
2022-03-29,12.8,9.7,17.5,0.0,11.0
2022-03-30,12.6,10.3,16.9,0.0,9.6
2022-03-31,12.7,6.9,20.3,0.0,9.2
2022-04-01,14.3,8.6,23.6,0.0,9.2
2022-04-02,15.3,8.0,25.3,0.0,8.4
2022-04-03,15.6,10.8,23.0,0.0,10.8
2022-04-04,14.1,9.7,19.7,0.0,14.0
2022-04-05,15.2,10.3,21.9,0.0,15.2
2022-04-06,18.6,9.1,29.1,0.0,9.4
2022-04-07,21.9,11.4,33.0,0.0,8.5
2022-04-08,19.4,13.6,28.0,0.0,11.1
2022-04-09,15.2,9.1,22.5,0.0,14.3
2022-04-10,14.9,10.3,21.4,0.0,18.7
2022-04-11,10.8,8.6,14.7,1.6,22.2
2022-04-12,10.3,5.8,15.8,0.0,18.6
2022-04-13,11.1,5.8,16.4,0.0,10.2
2022-04-14,12.9,10.3,16.4,1.0,11.7
2022-04-15,14.2,9.7,20.8,0.0,13.1
2022-04-16,14.0,9.7,18.0,8.2,17.5
2022-04-17,11.3,5.3,17.5,0.0,10.1
2022-04-18,13.9,5.8,22.5,0.0,9.5
2022-04-19,15.3,11.9,19.1,0.6,15.9
2022-04-20,14.7,8.6,21.9,0.0,14.4
2022-04-21,14.3,11.9,17.5,11.5,15.6
2022-04-22,13.1,9.7,18.0,2.6,13.5
2022-04-23,14.6,6.9,23.0,0.0,10.4
2022-04-24,15.6,9.1,24.7,0.0,9.2
2022-04-25,15.6,9.1,23.0,0.0,12.1
2022-04-26,14.4,10.8,19.1,0.0,13.1
2022-04-27,12.8,6.9,19.1,0.0,13.8
2022-04-28,12.8,8.6,17.5,0.0,17.4
2022-04-29,14.3,6.9,23.0,0.0,11.1
2022-04-30,14.8,9.7,21.9,0.0,12.3
2022-05-01,14.8,8.0,23.0,0.0,13.1
2022-05-02,13.7,10.3,19.1,0.0,14.7
2022-05-03,16.9,9.1,25.3,0.0,16.0
2022-05-04,18.5,11.4,29.1,0.0,8.4
2022-05-05,15.7,11.4,22.5,0.0,12.7
2022-05-06,17.7,13.6,23.6,0.0,12.9
2022-05-07,15.0,11.9,19.7,0.0,22.0
2022-05-08,12.1,9.7,15.8,0.0,22.8
2022-05-09,11.7,7.5,16.4,0.0,14.3
2022-05-10,11.2,4.7,16.4,0.0,14.6
2022-05-11,12.8,6.9,20.3,0.0,11.6
2022-05-12,12.9,6.9,18.6,0.0,13.9
2022-05-13,16.2,9.7,24.1,0.0,14.9
2022-05-14,18.4,11.9,26.9,0.0,11.6
2022-05-15,16.8,13.0,21.9,0.0,13.9
2022-05-16,15.9,12.5,20.3,0.0,16.3
2022-05-17,15.9,9.7,24.1,0.0,11.6
2022-05-18,19.2,10.8,29.1,0.0,11.7
2022-05-19,18.9,14.1,25.3,0.0,15.3
2022-05-20,18.0,10.3,25.3,0.0,16.8
2022-05-21,18.6,11.4,27.5,0.0,12.0
2022-05-22,17.6,11.9,26.9,0.0,11.7
2022-05-23,18.7,11.4,28.0,0.0,12.2
2022-05-24,23.2,13.6,33.0,0.0,9.7
2022-05-25,24.2,16.4,33.0,0.0,10.2
2022-05-26,18.3,13.0,24.1,0.0,13.2
2022-05-27,17.0,13.6,21.9,0.0,14.9
2022-05-28,18.2,14.1,23.6,0.0,16.2
2022-05-29,16.9,12.5,23.0,0.0,17.9
2022-05-30,16.6,11.4,24.1,0.0,16.1
2022-05-31,18.3,11.4,26.9,0.0,14.1
